Date,Open,High,Low,Close,Volume,Adj Close
2013-09-27,0.09,0.09,0.08,0.08,2320000,0.08
2013-09-26,0.08,0.08,0.08,0.08,1180000,0.08
2013-09-25,0.08,0.08,0.08,0.08,115000,0.08
2013-09-24,0.09,0.09,0.08,0.08,1293000,0.08
2013-09-23,0.07,0.08,0.07,0.08,7323500,0.08
2013-09-20,0.08,0.08,0.08,0.08,000,0.08
2013-09-19,0.07,0.09,0.07,0.08,9185000,0.08
2013-09-18,0.07,0.08,0.07,0.08,7220000,0.08
2013-09-17,0.08,0.08,0.07,0.07,2562500,0.07
2013-09-16,0.07,0.08,0.07,0.07,3120000,0.07
2013-09-13,0.07,0.07,0.07,0.07,365000,0.07
2013-09-12,0.07,0.07,0.07,0.07,320000,0.07
2013-09-11,0.07,0.07,0.07,0.07,3028000,0.07
2013-09-10,0.07,0.07,0.07,0.07,720000,0.07
2013-09-09,0.07,0.07,0.07,0.07,655000,0.07
2013-09-06,0.07,0.07,0.07,0.07,1143000,0.07
2013-09-05,0.08,0.08,0.07,0.07,491500,0.07
2013-09-04,0.07,0.07,0.07,0.07,448000,0.07
2013-09-03,0.07,0.07,0.06,0.07,2150000,0.07
2013-09-02,0.07,0.07,0.06,0.07,1430000,0.07
2013-08-30,0.07,0.07,0.06,0.07,5256000,0.07
2013-08-29,0.08,0.08,0.07,0.07,3587000,0.07
2013-08-28,0.07,0.08,0.07,0.08,1755000,0.08
2013-08-27,0.08,0.08,0.07,0.07,2973000,0.07
2013-08-26,0.08,0.08,0.07,0.08,5975000,0.08
2013-08-23,0.07,0.09,0.07,0.07,67987000,0.07
2013-08-22,0.06,0.07,0.06,0.07,4495000,0.07
2013-08-21,0.07,0.07,0.06,0.07,630000,0.07
2013-08-20,0.07,0.07,0.07,0.07,1295000,0.07
2013-08-19,0.07,0.07,0.07,0.07,95000,0.07
2013-08-16,0.07,0.07,0.07,0.07,760000,0.07
2013-08-15,0.07,0.07,0.06,0.06,355000,0.06
2013-08-14,0.06,0.06,0.06,0.06,000,0.06
2013-08-13,0.07,0.07,0.06,0.06,500000,0.06
2013-08-12,0.07,0.07,0.06,0.07,1055000,0.07
2013-08-09,0.07,0.07,0.06,0.07,679500,0.07
2013-08-08,0.07,0.07,0.07,0.07,000,0.07
2013-08-07,0.06,0.07,0.06,0.07,910000,0.07
2013-08-06,0.06,0.06,0.06,0.06,1050000,0.06
2013-08-05,0.07,0.07,0.07,0.07,000,0.07
2013-08-02,0.06,0.07,0.06,0.07,943000,0.07
2013-08-01,0.07,0.07,0.06,0.07,4029000,0.07
2013-07-31,0.07,0.07,0.07,0.07,4705000,0.07
2013-07-30,0.06,0.08,0.06,0.07,18725000,0.07
2013-07-29,0.06,0.06,0.06,0.06,145000,0.06
2013-07-26,0.06,0.06,0.06,0.06,1410000,0.06
2013-07-25,0.06,0.06,0.06,0.06,1000000,0.06
2013-07-24,0.06,0.06,0.06,0.06,1310000,0.06
2013-07-23,0.05,0.06,0.05,0.06,300000,0.06
2013-07-22,0.06,0.06,0.06,0.06,25000,0.06
2013-07-19,0.06,0.06,0.06,0.06,38000,0.06
2013-07-18,0.05,0.06,0.05,0.05,3205000,0.05
2013-07-17,0.06,0.06,0.06,0.06,200000,0.06
2013-07-16,0.06,0.06,0.05,0.06,1311000,0.06
2013-07-15,0.06,0.07,0.06,0.06,40000,0.06
2013-07-12,0.06,0.06,0.05,0.06,424000,0.06
2013-07-11,0.05,0.06,0.05,0.06,2550000,0.06
2013-07-10,0.06,0.06,0.06,0.06,000,0.06
2013-07-09,0.06,0.06,0.06,0.06,000,0.06
2013-07-08,0.06,0.06,0.06,0.06,000,0.06
2013-07-05,0.06,0.06,0.06,0.06,000,0.06
2013-07-04,0.06,0.06,0.06,0.06,000,0.06
2013-07-03,0.05,0.06,0.05,0.06,245000,0.06
2013-07-02,0.06,0.06,0.05,0.06,170000,0.06
2013-07-01,0.06,0.06,0.06,0.06,000,0.06
2013-06-28,0.06,0.06,0.06,0.06,105000,0.06
2013-06-27,0.06,0.06,0.06,0.06,201000,0.06
2013-06-26,0.06,0.07,0.05,0.06,1785000,0.06
2013-06-25,0.05,0.05,0.05,0.05,140000,0.05
2013-06-24,0.06,0.06,0.05,0.06,1267000,0.06
2013-06-21,0.06,0.06,0.05,0.05,220000,0.05
2013-06-20,0.06,0.06,0.06,0.06,400000,0.06
2013-06-19,0.06,0.06,0.06,0.06,36000,0.06
2013-06-18,0.06,0.06,0.06,0.06,2270000,0.06
2013-06-17,0.06,0.06,0.06,0.06,000,0.06
2013-06-14,0.06,0.06,0.06,0.06,000,0.06
2013-06-13,0.06,0.06,0.06,0.06,000,0.06
2013-06-12,0.06,0.06,0.06,0.06,000,0.06
2013-06-11,0.06,0.06,0.06,0.06,000,0.06
2013-06-10,0.05,0.06,0.05,0.06,340000,0.06
2013-06-07,0.06,0.06,0.06,0.06,445000,0.06
2013-06-06,0.06,0.06,0.06,0.06,460000,0.06
2013-06-05,0.05,0.07,0.05,0.06,3250000,0.06
2013-06-04,0.05,0.06,0.05,0.06,520000,0.06
2013-06-03,0.06,0.06,0.06,0.06,755000,0.06
2013-05-31,0.07,0.07,0.06,0.06,923000,0.06
2013-05-30,0.06,0.06,0.06,0.06,390000,0.06
2013-05-29,0.06,0.07,0.06,0.06,1480000,0.06
2013-05-28,0.06,0.06,0.06,0.06,293000,0.06
2013-05-27,0.06,0.06,0.05,0.06,2578000,0.06
2013-05-24,0.06,0.06,0.06,0.06,610000,0.06
2013-05-23,0.06,0.06,0.06,0.06,350000,0.06
2013-05-22,0.06,0.06,0.06,0.06,510000,0.06
2013-05-21,0.06,0.06,0.06,0.06,410000,0.06
2013-05-20,0.06,0.06,0.06,0.06,1009000,0.06
2013-05-17,0.06,0.06,0.06,0.06,000,0.06
2013-05-16,0.06,0.06,0.06,0.06,1350000,0.06
2013-05-15,0.06,0.06,0.06,0.06,1309000,0.06
2013-05-14,0.06,0.06,0.06,0.06,2678000,0.06
2013-05-13,0.06,0.06,0.06,0.06,999000,0.06
2013-05-10,0.06,0.07,0.06,0.06,466000,0.06
2013-05-09,0.06,0.06,0.06,0.06,1112000,0.06
2013-05-08,0.06,0.06,0.06,0.06,621000,0.06
2013-05-07,0.06,0.06,0.05,0.06,1049000,0.06
2013-05-06,0.06,0.06,0.06,0.06,58000,0.06
2013-05-03,0.06,0.07,0.06,0.06,5527000,0.06
2013-05-02,0.06,0.06,0.06,0.06,2225000,0.06
2013-05-01,0.06,0.06,0.06,0.06,000,0.06
2013-04-30,0.06,0.06,0.06,0.06,5000,0.06
2013-04-29,0.05,0.06,0.05,0.05,740000,0.05
2013-04-26,0.05,0.06,0.05,0.05,1783000,0.05
2013-04-25,0.05,0.05,0.05,0.05,885000,0.05
2013-04-24,0.05,0.05,0.05,0.05,1680000,0.05
2013-04-23,0.05,0.05,0.05,0.05,000,0.05
2013-04-22,0.05,0.05,0.05,0.05,85000,0.05
2013-04-19,0.05,0.05,0.05,0.05,2047000,0.05
2013-04-18,0.05,0.05,0.04,0.05,869000,0.05
2013-04-17,0.04,0.06,0.04,0.05,5305000,0.05
2013-04-16,0.04,0.05,0.04,0.04,2509900,0.04
2013-04-15,0.04,0.05,0.04,0.04,1391500,0.04
2013-04-12,0.04,0.04,0.04,0.04,2429000,0.04
2013-04-11,0.04,0.04,0.04,0.04,2436000,0.04
2013-04-10,0.04,0.04,0.04,0.04,2086000,0.04
2013-04-09,0.05,0.05,0.04,0.04,943000,0.04
2013-04-08,0.04,0.05,0.04,0.05,2700000,0.05
2013-04-05,0.05,0.05,0.05,0.05,1891000,0.05
2013-04-04,0.06,0.06,0.06,0.06,000,0.06
2013-04-03,0.05,0.06,0.05,0.06,959000,0.06
2013-04-02,0.05,0.06,0.05,0.05,180500,0.05
2013-04-01,0.05,0.05,0.05,0.05,000,0.05
2013-03-29,0.05,0.05,0.05,0.05,000,0.05
2013-03-28,0.05,0.05,0.05,0.05,370000,0.05
2013-03-27,0.05,0.05,0.05,0.05,000,0.05
2013-03-26,0.05,0.05,0.05,0.05,7000,0.05
2013-03-25,0.05,0.05,0.05,0.06,29000,0.06
2013-03-22,0.05,0.06,0.05,0.06,801000,0.06
2013-03-21,0.06,0.06,0.06,0.06,438700,0.06
2013-03-20,0.06,0.06,0.05,0.06,3606000,0.06
2013-03-19,0.05,0.05,0.05,0.05,446000,0.05
2013-03-18,0.05,0.05,0.05,0.05,2568000,0.05
2013-03-15,0.06,0.06,0.06,0.06,530000,0.06
2013-03-14,0.06,0.07,0.06,0.06,220000,0.06
2013-03-13,0.06,0.06,0.06,0.06,000,0.06
2013-03-12,0.06,0.07,0.06,0.06,390000,0.06
2013-03-11,0.06,0.06,0.06,0.06,2880000,0.06
2013-03-08,0.06,0.07,0.06,0.06,353000,0.06
2013-03-07,0.06,0.06,0.06,0.06,2120500,0.06
2013-03-06,0.06,0.07,0.06,0.07,2925000,0.07
2013-03-05,0.07,0.07,0.06,0.07,1169000,0.07
2013-03-04,0.07,0.07,0.07,0.07,617000,0.07
2013-03-01,0.06,0.07,0.06,0.07,700000,0.07
2013-02-28,0.07,0.07,0.06,0.07,1925200,0.07
2013-02-27,0.06,0.07,0.06,0.07,200000,0.07
2013-02-26,0.06,0.07,0.06,0.07,2934000,0.07
2013-02-25,0.07,0.07,0.06,0.06,1130000,0.06
2013-02-22,0.07,0.07,0.07,0.07,500000,0.07
2013-02-21,0.07,0.07,0.07,0.07,2863000,0.07
2013-02-20,0.07,0.08,0.07,0.07,12065000,0.07
2013-02-19,0.07,0.08,0.07,0.08,960000,0.08
2013-02-18,0.07,0.07,0.07,0.07,4053000,0.07
2013-02-15,0.07,0.07,0.07,0.07,520000,0.07
2013-02-14,0.07,0.07,0.06,0.07,2120000,0.07
2013-02-13,0.07,0.07,0.07,0.07,000,0.07
2013-02-12,0.07,0.07,0.07,0.07,000,0.07
2013-02-11,0.07,0.07,0.07,0.07,000,0.07
2013-02-08,0.07,0.07,0.07,0.07,2295000,0.07
2013-02-07,0.07,0.07,0.07,0.07,2205000,0.07
2013-02-06,0.07,0.07,0.07,0.07,25000,0.07
2013-02-05,0.07,0.07,0.07,0.07,810000,0.07
2013-02-04,0.07,0.07,0.07,0.07,1309000,0.07
2013-02-01,0.07,0.07,0.07,0.07,495000,0.07
2013-01-31,0.07,0.07,0.07,0.07,2245000,0.07
2013-01-30,0.07,0.08,0.07,0.07,6449000,0.07
2013-01-29,0.07,0.07,0.07,0.07,1060000,0.07
2013-01-28,0.07,0.07,0.07,0.07,1780000,0.07
2013-01-25,0.08,0.08,0.06,0.07,11660000,0.07
2013-01-24,0.08,0.08,0.08,0.08,4446000,0.08
2013-01-23,0.08,0.08,0.08,0.08,11510000,0.08
2013-01-22,0.09,0.09,0.08,0.09,25218000,0.09
2013-01-21,0.08,0.09,0.08,0.09,3150000,0.09
2013-01-18,0.08,0.08,0.08,0.08,317000,0.08
2013-01-17,0.08,0.09,0.08,0.09,2080000,0.09
2013-01-16,0.08,0.09,0.08,0.08,1780000,0.08
2013-01-15,0.09,0.09,0.09,0.09,000,0.09
2013-01-14,0.08,0.09,0.08,0.09,1531000,0.09
2013-01-11,0.08,0.08,0.08,0.08,606000,0.08
2013-01-10,0.09,0.09,0.08,0.08,2754000,0.08
2013-01-09,0.08,0.09,0.08,0.09,8275100,0.09
2013-01-08,0.08,0.08,0.08,0.08,940000,0.08
2013-01-07,0.08,0.09,0.08,0.08,1910000,0.08
2013-01-04,0.09,0.09,0.08,0.08,460000,0.08
2013-01-03,0.09,0.09,0.08,0.09,1378000,0.09
2013-01-02,0.08,0.09,0.08,0.09,11904000,0.09
2013-01-01,0.09,0.09,0.09,0.09,000,0.09
2012-12-31,0.08,0.09,0.08,0.09,410000,0.09
2012-12-28,0.08,0.09,0.08,0.08,682000,0.08
2012-12-27,0.08,0.08,0.08,0.08,3375000,0.08
2012-12-26,0.08,0.08,0.08,0.08,000,0.08
2012-12-25,0.08,0.08,0.08,0.08,000,0.08
2012-12-24,0.08,0.09,0.08,0.08,95000,0.08
2012-12-21,0.09,0.09,0.08,0.08,2578000,0.08
2012-12-20,0.09,0.09,0.09,0.09,226000,0.09
2012-12-19,0.09,0.09,0.09,0.09,1455000,0.09
2012-12-18,0.09,0.10,0.08,0.09,1310500,0.09
2012-12-17,0.08,0.08,0.08,0.08,386000,0.08
2012-12-14,0.08,0.09,0.08,0.09,599900,0.09
2012-12-13,0.08,0.09,0.08,0.09,2840500,0.09
2012-12-12,0.09,0.09,0.08,0.08,349000,0.08
2012-12-11,0.08,0.09,0.08,0.09,148000,0.09
2012-12-10,0.08,0.09,0.08,0.09,2211000,0.09
2012-12-07,0.09,0.10,0.09,0.09,2680000,0.09
2012-12-06,0.09,0.09,0.09,0.09,663000,0.09
2012-12-05,0.10,0.10,0.09,0.09,1716000,0.09
2012-12-04,0.09,0.09,0.09,0.09,1787000,0.09
2012-12-03,0.09,0.10,0.09,0.09,1233000,0.09
2012-11-30,0.09,0.09,0.09,0.09,9853000,0.09
2012-11-29,0.09,0.10,0.09,0.09,2173000,0.09
2012-11-28,0.09,0.10,0.09,0.09,1599000,0.09
2012-11-27,0.09,0.10,0.09,0.09,3938000,0.09
2012-11-26,0.10,0.11,0.09,0.10,17225000,0.10
2012-11-23,0.08,0.13,0.08,0.09,60506000,0.09
2012-11-22,0.08,0.08,0.08,0.08,000,0.08
2012-11-21,0.08,0.08,0.08,0.08,527000,0.08
2012-11-20,0.08,0.08,0.08,0.08,000,0.08
2012-11-19,0.08,0.08,0.08,0.08,1730000,0.08
2012-11-16,0.08,0.08,0.08,0.08,505000,0.08
2012-11-15,0.08,0.08,0.08,0.08,2422000,0.08
2012-11-14,0.08,0.08,0.08,0.08,440000,0.08
2012-11-13,0.08,0.08,0.08,0.08,000,0.08
2012-11-12,0.08,0.08,0.08,0.08,885000,0.08
2012-11-09,0.09,0.09,0.09,0.09,000,0.09
2012-11-08,0.09,0.09,0.08,0.09,450000,0.09
2012-11-07,0.08,0.09,0.08,0.08,1190000,0.08
2012-11-06,0.08,0.08,0.08,0.08,000,0.08
2012-11-05,0.08,0.09,0.07,0.08,955000,0.08
2012-11-02,0.08,0.08,0.08,0.08,1003000,0.08
2012-11-01,0.08,0.08,0.08,0.08,352300,0.08
2012-10-31,0.09,0.09,0.08,0.08,9381000,0.08
2012-10-30,0.08,0.09,0.08,0.09,1285000,0.09
2012-10-29,0.09,0.09,0.08,0.09,140000,0.09
2012-10-26,0.09,0.09,0.08,0.08,320000,0.08
2012-10-25,0.09,0.09,0.09,0.09,2509000,0.09
2012-10-24,0.09,0.09,0.09,0.09,803500,0.09
2012-10-23,0.09,0.09,0.09,0.09,000,0.09
2012-10-22,0.09,0.09,0.09,0.09,890000,0.09
2012-10-19,0.09,0.09,0.09,0.09,870600,0.09
2012-10-18,0.10,0.10,0.09,0.09,600000,0.09
2012-10-17,0.09,0.09,0.09,0.09,1084000,0.09
2012-10-16,0.10,0.10,0.09,0.10,745000,0.10
2012-10-15,0.09,0.10,0.09,0.10,605000,0.10
2012-10-12,0.10,0.10,0.10,0.10,1320300,0.10
2012-10-11,0.10,0.11,0.10,0.10,1030000,0.10
2012-10-10,0.10,0.11,0.10,0.11,1670000,0.11
2012-10-09,0.11,0.11,0.10,0.10,7336000,0.10
2012-10-08,0.10,0.12,0.10,0.11,352500,0.11
2012-10-05,0.12,0.12,0.12,0.12,400000,0.12
2012-10-04,0.12,0.12,0.12,0.12,000,0.12
2012-10-03,0.12,0.12,0.12,0.12,000,0.12
2012-10-02,0.12,0.12,0.12,0.12,000,0.12
2012-10-01,0.12,0.12,0.12,0.12,000,0.12
2012-09-28,0.13,0.13,0.12,0.12,2940000,0.12
2012-09-27,0.12,0.13,0.12,0.13,1650000,0.13
2012-09-26,0.13,0.14,0.12,0.13,5762000,0.13
2012-09-25,0.12,0.15,0.12,0.12,17463000,0.12
2012-09-24,0.11,0.11,0.11,0.11,255000,0.11
2012-09-21,0.12,0.12,0.12,0.12,000,0.12
2012-09-20,0.11,0.12,0.11,0.12,502000,0.12
2012-09-19,0.12,0.12,0.12,0.12,1990000,0.12
2012-09-18,0.12,0.13,0.12,0.13,1010000,0.13
2012-09-17,0.13,0.13,0.13,0.13,50000,0.13
2012-09-14,0.13,0.13,0.13,0.13,1625000,0.13
2012-09-13,0.12,0.13,0.12,0.13,1115000,0.13
2012-09-12,0.12,0.13,0.11,0.12,1150000,0.12
2012-09-11,0.13,0.14,0.12,0.13,1925000,0.13
2012-09-10,0.11,0.13,0.11,0.13,410000,0.13
2012-09-07,0.10,0.10,0.10,0.10,238000,0.10
2012-09-06,0.11,0.11,0.10,0.10,923000,0.10
2012-09-05,0.12,0.12,0.10,0.10,245000,0.10
2012-09-04,0.12,0.12,0.12,0.12,000,0.12
2012-09-03,0.12,0.12,0.10,0.12,1477500,0.12
2012-08-31,0.13,0.14,0.12,0.12,2422000,0.12
2012-08-30,0.12,0.14,0.12,0.14,17853000,0.14
2012-08-29,0.10,0.12,0.10,0.12,658000,0.12
2012-08-28,0.11,0.11,0.10,0.10,1431000,0.10
2012-08-27,0.12,0.12,0.11,0.11,1432000,0.11
2012-08-24,0.12,0.12,0.12,0.12,1030000,0.12
2012-08-23,0.12,0.13,0.12,0.12,578000,0.12
2012-08-22,0.13,0.13,0.13,0.13,55000,0.13
2012-08-21,0.14,0.14,0.13,0.13,802000,0.13
2012-08-20,0.14,0.14,0.14,0.14,270000,0.14
2012-08-17,0.14,0.15,0.14,0.14,1319000,0.14
2012-08-16,0.17,0.17,0.12,0.15,2932000,0.15
2012-08-15,0.17,0.17,0.16,0.17,542000,0.17
2012-08-14,0.19,0.19,0.17,0.17,935000,0.17
2012-08-13,0.20,0.22,0.19,0.19,9724000,0.19
2012-08-10,0.23,0.23,0.23,0.23,90000,0.23
2012-08-09,0.23,0.23,0.23,0.23,100000,0.23
2012-08-08,0.23,0.24,0.23,0.23,408000,0.23
2012-08-07,0.23,0.23,0.23,0.23,38000,0.23
2012-08-06,0.23,0.23,0.22,0.23,95000,0.23
2012-08-03,0.23,0.23,0.22,0.23,342000,0.23
2012-08-02,0.23,0.23,0.23,0.23,1040000,0.23
2012-08-01,0.23,0.23,0.22,0.23,175000,0.23
2012-07-31,0.23,0.23,0.22,0.23,306000,0.23
2012-07-30,0.23,0.23,0.22,0.23,320000,0.23
2012-07-27,0.23,0.23,0.22,0.23,550000,0.23
2012-07-26,0.23,0.23,0.22,0.23,170000,0.23
2012-07-25,0.23,0.23,0.22,0.23,829000,0.23
2012-07-24,0.23,0.23,0.23,0.23,82000,0.23
2012-07-23,0.23,0.23,0.23,0.23,110000,0.23
2012-07-20,0.22,0.23,0.21,0.23,352000,0.23
2012-07-19,0.22,0.22,0.22,0.22,97500,0.22
2012-07-18,0.22,0.22,0.21,0.22,1156000,0.22
2012-07-17,0.22,0.25,0.22,0.23,1052500,0.23
2012-07-16,0.24,0.24,0.23,0.24,205000,0.24
2012-07-13,0.24,0.24,0.22,0.23,883000,0.23
2012-07-12,0.25,0.25,0.23,0.24,906000,0.24
2012-07-11,0.25,0.25,0.25,0.25,155000,0.25
2012-07-10,0.26,0.26,0.25,0.25,662000,0.25
2012-07-09,0.26,0.26,0.26,0.26,659000,0.26
2012-07-06,0.26,0.26,0.25,0.26,648000,0.26
2012-07-05,0.26,0.26,0.26,0.26,205000,0.26
2012-07-04,0.26,0.27,0.26,0.27,524000,0.27
2012-07-03,0.26,0.27,0.26,0.27,206000,0.27
2012-07-02,0.27,0.27,0.27,0.27,000,0.27
2012-06-29,0.26,0.27,0.26,0.27,1180000,0.27
2012-06-28,0.27,0.27,0.26,0.27,426000,0.27
2012-06-27,0.26,0.27,0.26,0.26,295000,0.26
2012-06-26,0.27,0.27,0.26,0.27,180000,0.27
2012-06-25,0.27,0.28,0.27,0.27,428000,0.27
2012-06-22,0.28,0.28,0.27,0.28,40000,0.28
2012-06-21,0.28,0.28,0.28,0.28,1019000,0.28
2012-06-20,0.28,0.28,0.28,0.28,451000,0.28
2012-06-19,0.28,0.28,0.28,0.28,295000,0.28
2012-06-18,0.28,0.28,0.28,0.28,15000,0.28
2012-06-15,0.29,0.29,0.28,0.28,215000,0.28
2012-06-14,0.29,0.29,0.27,0.29,667000,0.29
2012-06-13,0.29,0.29,0.29,0.29,632000,0.29
2012-06-12,0.28,0.28,0.28,0.28,300000,0.28
2012-06-11,0.28,0.28,0.27,0.28,843100,0.28
2012-06-08,0.29,0.29,0.29,0.29,180000,0.29
2012-06-07,0.31,0.31,0.28,0.29,288000,0.29
2012-06-06,0.29,0.30,0.28,0.30,3096000,0.30
2012-06-05,0.28,0.29,0.27,0.29,479000,0.29
2012-06-04,0.28,0.28,0.28,0.28,1100000,0.28
2012-06-01,0.28,0.29,0.28,0.29,309000,0.29
2012-05-31,0.28,0.28,0.27,0.28,1325000,0.28
2012-05-30,0.28,0.29,0.28,0.28,237000,0.28
2012-05-29,0.29,0.29,0.28,0.29,86000,0.29
2012-05-28,0.28,0.29,0.28,0.29,83000,0.29
2012-05-25,0.28,0.29,0.28,0.29,932000,0.29
2012-05-24,0.28,0.28,0.27,0.28,290000,0.28
2012-05-23,0.28,0.28,0.28,0.28,369500,0.28
2012-05-22,0.28,0.29,0.28,0.29,449000,0.29
2012-05-21,0.29,0.29,0.28,0.29,346000,0.29
2012-05-18,0.28,0.29,0.28,0.29,285000,0.29
2012-05-17,0.29,0.29,0.28,0.29,217000,0.29
2012-05-16,0.29,0.29,0.28,0.29,1585000,0.29
2012-05-15,0.29,0.30,0.28,0.29,1909000,0.29
2012-05-14,0.29,0.30,0.29,0.29,500000,0.29
2012-05-11,0.29,0.31,0.29,0.29,1783000,0.29
2012-05-10,0.29,0.29,0.28,0.29,1056000,0.29
2012-05-09,0.29,0.29,0.28,0.29,550000,0.29
2012-05-08,0.30,0.30,0.29,0.29,495000,0.29
2012-05-07,0.30,0.30,0.28,0.29,1907000,0.29
2012-05-04,0.29,0.30,0.29,0.30,970000,0.30
2012-05-03,0.30,0.30,0.29,0.30,1644000,0.30
2012-05-02,0.29,0.30,0.29,0.29,1480000,0.29
2012-05-01,0.28,0.28,0.28,0.28,000,0.28
2012-04-30,0.28,0.29,0.28,0.28,495000,0.28
2012-04-27,0.29,0.29,0.29,0.29,2072000,0.29
2012-04-26,0.30,0.30,0.29,0.29,943000,0.29
2012-04-25,0.29,0.29,0.29,0.29,2000000,0.29
2012-04-24,0.30,0.30,0.29,0.29,483000,0.29
2012-04-23,0.30,0.30,0.30,0.30,000,0.30
2012-04-20,0.31,0.31,0.29,0.30,410000,0.30
2012-04-19,0.28,0.30,0.26,0.30,1818000,0.30
2012-04-18,0.28,0.28,0.27,0.28,6020000,0.28
2012-04-17,0.30,0.31,0.30,0.30,2203000,0.30
2012-04-16,0.30,0.30,0.30,0.30,1412000,0.30
2012-04-13,0.30,0.30,0.29,0.30,1188000,0.30
2012-04-12,0.31,0.31,0.30,0.30,1575000,0.30
2012-04-11,0.30,0.31,0.30,0.31,270000,0.31
2012-04-10,0.31,0.32,0.30,0.31,2002500,0.31
2012-04-09,0.30,0.30,0.30,0.30,000,0.30
2012-04-06,0.30,0.30,0.30,0.30,000,0.30
2012-04-05,0.27,0.30,0.26,0.30,3113000,0.30
2012-04-04,0.29,0.29,0.29,0.29,000,0.29
2012-04-03,0.29,0.29,0.29,0.29,359000,0.29
2012-04-02,0.28,0.29,0.28,0.29,330000,0.29
2012-03-30,0.28,0.29,0.27,0.29,1702800,0.29
2012-03-29,0.26,0.28,0.26,0.28,448000,0.28
2012-03-28,0.26,0.27,0.25,0.27,241000,0.27
2012-03-27,0.27,0.27,0.25,0.26,1998400,0.26
2012-03-26,0.26,0.26,0.25,0.26,165000,0.26
2012-03-23,0.26,0.27,0.26,0.27,205000,0.27
2012-03-22,0.28,0.28,0.26,0.26,1773000,0.26
2012-03-21,0.29,0.29,0.28,0.28,480000,0.28
2012-03-20,0.29,0.31,0.27,0.28,2345000,0.28
2012-03-19,0.28,0.28,0.27,0.28,1863000,0.28
2012-03-16,0.29,0.31,0.28,0.28,2558000,0.28
2012-03-15,0.28,0.31,0.28,0.28,4715000,0.28
2012-03-14,0.28,0.31,0.28,0.29,4850000,0.29
2012-03-13,0.27,0.30,0.27,0.28,4229000,0.28
2012-03-12,0.26,0.27,0.26,0.26,1103000,0.26
2012-03-09,0.50,0.50,0.50,0.50,000,0.50
2012-03-08,0.50,0.50,0.50,0.50,000,0.50
2012-03-07,0.50,0.50,0.50,0.50,000,0.50
2012-03-06,0.50,0.50,0.50,0.50,000,0.50
2012-03-05,0.50,0.50,0.50,0.50,000,0.50
2012-03-02,0.50,0.50,0.50,0.50,000,0.50
2012-03-01,0.50,0.50,0.50,0.50,000,0.50
2012-02-29,0.50,0.50,0.50,0.50,000,0.50
2012-02-28,0.50,0.50,0.50,0.50,000,0.50
2012-02-27,0.50,0.50,0.50,0.50,000,0.50
2012-02-24,0.51,0.51,0.49,0.50,4540500,2.52
2012-02-23,0.50,0.52,0.49,0.50,4339500,2.52
2012-02-22,0.51,0.51,0.49,0.50,2982000,2.52
2012-02-21,0.50,0.51,0.50,0.50,2147000,2.52
2012-02-20,0.52,0.54,0.48,0.49,4766500,2.45
2012-02-17,0.55,0.55,0.52,0.52,2250000,2.62
2012-02-16,0.51,0.52,0.51,0.52,1332000,2.60
2012-02-15,0.53,0.55,0.51,0.53,3238500,2.65
2012-02-14,0.50,0.57,0.50,0.54,6660000,2.70
2012-02-13,0.48,0.50,0.48,0.50,1359000,2.50
2012-02-10,0.50,0.51,0.50,0.50,1056000,2.50
2012-02-09,0.52,0.52,0.50,0.50,1344000,2.50
2012-02-08,0.50,0.52,0.49,0.51,1392000,2.57
2012-02-07,0.50,0.52,0.50,0.51,4218600,2.55
2012-02-06,0.50,0.50,0.47,0.50,5507000,2.48
2012-02-03,0.47,0.48,0.45,0.48,3053000,2.40
2012-02-02,0.50,0.50,0.45,0.46,5902000,2.28
2012-02-01,0.45,0.49,0.44,0.48,6407100,2.40
2012-01-31,0.39,0.47,0.38,0.45,3046000,2.25
2012-01-30,0.41,0.41,0.38,0.39,306000,1.95
2012-01-27,0.41,0.41,0.40,0.41,453200,2.05
2012-01-26,0.41,0.43,0.40,0.41,1762000,2.05
2012-01-25,0.43,0.43,0.43,0.43,000,2.15
2012-01-24,0.43,0.43,0.43,0.43,000,2.15
2012-01-23,0.43,0.43,0.43,0.43,000,2.15
2012-01-20,0.43,0.44,0.41,0.43,747000,2.15
2012-01-19,0.41,0.43,0.41,0.42,1110000,2.10
2012-01-18,0.47,0.47,0.43,0.43,600000,2.13
2012-01-17,0.45,0.46,0.43,0.45,2718500,2.25
2012-01-16,0.47,0.47,0.43,0.45,474000,2.25
2012-01-13,0.44,0.47,0.42,0.45,3135000,2.25
2012-01-12,0.36,0.44,0.36,0.41,1131000,2.07
2012-01-11,0.38,0.39,0.38,0.38,465000,1.92
2012-01-10,0.39,0.39,0.38,0.39,218000,1.95
2012-01-09,0.40,0.41,0.39,0.39,273000,1.95
2012-01-06,0.40,0.40,0.39,0.40,120000,2.00
2012-01-05,0.40,0.41,0.39,0.41,271500,2.05
2012-01-04,0.43,0.45,0.40,0.40,2663000,2.00
2012-01-03,0.45,0.45,0.40,0.41,2421900,2.07
2012-01-02,0.44,0.44,0.44,0.44,000,2.22
2011-12-30,0.47,0.47,0.43,0.44,3438000,2.22
2011-12-29,0.47,0.47,0.46,0.46,3327000,2.30
2011-12-28,0.40,0.51,0.39,0.47,7888000,2.37
2011-12-27,0.40,0.40,0.40,0.40,000,2.00
2011-12-26,0.40,0.40,0.40,0.40,000,2.00
2011-12-23,0.34,0.41,0.34,0.40,5661000,2.00
2011-12-22,0.32,0.33,0.31,0.33,2157000,1.65
2011-12-21,0.34,0.34,0.31,0.32,1410000,1.60
2011-12-20,0.28,0.32,0.28,0.32,2643000,1.60
2011-12-19,0.26,0.28,0.26,0.26,1977000,1.32
2011-12-16,0.26,0.26,0.25,0.26,303000,1.30
2011-12-15,0.25,0.25,0.25,0.25,654000,1.25
2011-12-14,0.28,0.28,0.25,0.26,1458000,1.30
2011-12-13,0.30,0.30,0.26,0.27,294000,1.35
2011-12-12,0.28,0.28,0.28,0.28,483000,1.42
2011-12-09,0.30,0.30,0.28,0.28,912000,1.42
2011-12-08,0.31,0.31,0.28,0.29,1080000,1.47
2011-12-07,0.31,0.31,0.31,0.31,264000,1.53
2011-12-06,0.29,0.32,0.29,0.31,1623000,1.53
2011-12-05,0.29,0.31,0.28,0.31,4563000,1.53
2011-12-02,0.30,0.31,0.28,0.30,2085000,1.50
2011-12-01,0.28,0.31,0.28,0.28,3748900,1.42
2011-11-30,0.34,0.34,0.25,0.25,10308000,1.27
2011-11-29,0.35,0.35,0.34,0.34,1497000,1.70
2011-11-28,0.35,0.37,0.34,0.34,2322000,1.72
2011-11-25,0.31,0.35,0.31,0.35,2544000,1.75
2011-11-24,0.31,0.32,0.30,0.31,942000,1.53
2011-11-23,0.34,0.34,0.31,0.31,303000,1.57
2011-11-22,0.34,0.34,0.34,0.34,948000,1.68
2011-11-21,0.34,0.34,0.34,0.34,411000,1.68
2011-11-18,0.34,0.35,0.34,0.34,1278000,1.70
2011-11-17,0.34,0.35,0.34,0.35,1767000,1.77
2011-11-16,0.37,0.37,0.34,0.34,916000,1.72
2011-11-15,0.35,0.36,0.34,0.35,354000,1.77
2011-11-14,0.32,0.35,0.32,0.35,441000,1.75
2011-11-11,0.34,0.34,0.32,0.32,906000,1.62
2011-11-10,0.35,0.35,0.31,0.34,774000,1.70
2011-11-09,0.38,0.38,0.35,0.37,1524000,1.85
2011-11-08,0.35,0.37,0.35,0.35,492000,1.77
2011-11-04,0.35,0.35,0.32,0.34,931500,1.72
2011-11-03,0.34,0.37,0.34,0.35,909000,1.77
2011-11-02,0.34,0.35,0.33,0.35,744000,1.75
2011-11-01,0.35,0.35,0.34,0.34,169200,1.70
2011-10-31,0.38,0.38,0.35,0.36,2860500,1.80
2011-10-28,0.38,0.38,0.35,0.37,2048400,1.85
2011-10-27,0.33,0.38,0.33,0.37,3533000,1.83
2011-10-26,0.31,0.38,0.31,0.35,2029500,1.75
2011-10-25,0.34,0.34,0.32,0.32,690000,1.60
2011-10-24,0.34,0.34,0.32,0.34,1863000,1.70
2011-10-21,0.29,0.32,0.28,0.32,2580000,1.60
2011-10-20,0.31,0.31,0.28,0.29,3042000,1.47
2011-10-19,0.35,0.35,0.32,0.32,2059000,1.60
2011-10-18,0.37,0.37,0.34,0.34,1587000,1.72
2011-10-17,0.38,0.38,0.37,0.38,981000,1.88
2011-10-14,0.39,0.40,0.36,0.37,945000,1.83
2011-10-13,0.38,0.40,0.38,0.38,2388000,1.90
2011-10-12,0.36,0.38,0.36,0.37,1479000,1.85
2011-10-11,0.37,0.40,0.36,0.38,1287000,1.90
2011-10-10,0.37,0.37,0.35,0.35,171000,1.77
2011-10-07,0.37,0.39,0.37,0.37,540000,1.83
2011-10-06,0.37,0.40,0.37,0.37,294000,1.83
2011-10-04,0.37,0.38,0.35,0.37,660000,1.83
2011-10-03,0.41,0.41,0.35,0.37,7104000,1.83
2011-09-30,0.41,0.41,0.40,0.41,831000,2.05
2011-09-28,0.41,0.44,0.41,0.42,123600,2.10
2011-09-27,0.43,0.43,0.41,0.42,744000,2.10
2011-09-26,0.41,0.44,0.38,0.40,2961000,2.00
2011-09-23,0.41,0.49,0.41,0.44,561000,2.20
2011-09-22,0.45,0.46,0.45,0.46,399000,2.28
2011-09-21,0.52,0.52,0.49,0.50,420000,2.50
2011-09-20,0.50,0.55,0.49,0.53,3258000,2.65
2011-09-19,0.50,0.50,0.47,0.50,1644600,2.48
2011-09-16,0.45,0.51,0.45,0.51,2989000,2.55
2011-09-15,0.44,0.49,0.43,0.47,1676000,2.37
2011-09-14,0.51,0.51,0.41,0.44,3509600,2.20
2011-09-12,0.52,0.52,0.47,0.50,113400,2.52
2011-09-09,0.51,0.54,0.50,0.53,4899000,2.65
2011-09-08,0.60,0.60,0.50,0.50,9657000,2.50
2011-09-07,0.55,0.59,0.54,0.57,12867000,2.87
2011-09-06,0.50,0.53,0.50,0.53,22780000,2.65
2011-09-05,0.46,0.51,0.45,0.47,21555000,2.37
2011-09-02,0.44,0.48,0.44,0.46,9456000,2.28
2011-09-01,0.42,0.47,0.42,0.44,8014500,2.18
2011-08-31,0.40,0.41,0.39,0.40,3515400,1.98
2011-08-30,0.40,0.43,0.40,0.40,1791000,2.00
2011-08-29,0.40,0.44,0.39,0.40,2256000,1.98
2011-08-26,0.41,0.43,0.40,0.41,1717500,2.05
2011-08-25,0.46,0.46,0.42,0.44,2085000,2.18
2011-08-24,0.44,0.44,0.43,0.43,690000,2.15
2011-08-23,0.43,0.46,0.42,0.45,2454000,2.25
2011-08-22,0.49,0.49,0.42,0.44,3234000,2.20
2011-08-19,0.50,0.50,0.47,0.47,1467000,2.37
2011-08-18,0.51,0.51,0.50,0.51,2175000,2.55
2011-08-17,0.54,0.54,0.50,0.51,4780000,2.55
2011-08-16,0.54,0.56,0.51,0.54,4932000,2.68
2011-08-15,0.55,0.56,0.53,0.54,2955000,2.70
2011-08-12,0.54,0.58,0.51,0.51,2187000,2.57
2011-08-11,0.55,0.55,0.51,0.51,4228000,2.55
2011-08-10,0.57,0.61,0.54,0.55,5727000,2.73
2011-08-09,0.58,0.60,0.40,0.54,11125000,2.70
2011-08-08,0.69,0.74,0.63,0.64,5685500,3.22
2011-08-05,0.88,0.88,0.68,0.70,10656000,3.50
2011-08-04,0.95,0.95,0.92,0.94,1263000,4.68
2011-08-03,0.93,0.98,0.93,0.96,891000,4.80
2011-08-02,1.00,1.00,0.96,0.96,1380000,4.80
2011-08-01,1.02,1.02,0.98,1.00,3817000,4.98
2011-07-29,1.08,1.08,1.00,1.02,5864000,5.12
2011-07-28,1.05,1.09,1.05,1.07,2425000,5.35
2011-07-27,1.13,1.13,1.08,1.09,1623000,5.43
2011-07-26,1.15,1.17,1.06,1.11,1935000,5.55
2011-07-25,1.20,1.23,1.14,1.18,7908000,5.90
2011-07-22,1.11,1.20,1.11,1.15,6362000,5.75
2011-07-21,1.09,1.12,1.04,1.12,2481000,5.60
2011-07-20,1.10,1.10,1.03,1.04,3022400,5.20
2011-07-19,1.08,1.09,1.04,1.05,3560200,5.25
2011-07-18,1.05,1.06,1.01,1.04,2460000,5.20
2011-07-15,0.99,1.07,0.97,1.02,3141000,5.10
2011-07-14,1.01,1.01,0.99,0.99,1866000,4.93
2011-07-13,1.00,1.02,1.00,1.02,573000,5.10
2011-07-12,1.01,1.01,1.00,1.00,1395000,5.00
2011-07-11,1.07,1.07,1.01,1.04,1734000,5.22
2011-07-08,1.02,1.15,1.02,1.07,3531000,5.33
2011-07-07,1.01,1.01,0.97,1.01,840000,5.07
2011-07-06,0.98,1.02,0.96,1.00,1749000,5.00
2011-07-05,1.02,1.02,1.00,1.00,796500,5.00
2011-07-04,1.05,1.05,1.01,1.03,1725000,5.17
2011-06-30,1.08,1.08,1.04,1.05,975000,5.25
2011-06-29,1.04,1.06,1.00,1.06,1242000,5.30
2011-06-28,1.10,1.10,1.03,1.05,1344000,5.25
2011-06-27,1.03,1.05,1.00,1.01,407000,5.07
2011-06-24,1.04,1.05,1.02,1.03,3243000,5.17
2011-06-23,1.08,1.08,1.04,1.04,1291000,5.20
2011-06-22,1.03,1.07,1.01,1.03,222000,5.15
2011-06-21,1.11,1.11,0.98,1.03,4585000,5.15
2011-06-20,1.13,1.13,1.07,1.08,495000,5.40
2011-06-17,1.16,1.16,1.12,1.13,559000,5.67
2011-06-16,1.12,1.17,1.12,1.13,1377000,5.67
2011-06-15,1.20,1.21,1.14,1.17,912000,5.87
2011-06-14,1.18,1.18,1.15,1.17,766000,5.87
2011-06-13,1.12,1.18,1.10,1.17,3304000,5.87
2011-06-10,1.20,1.20,1.14,1.15,909000,5.77
2011-06-09,1.20,1.20,1.14,1.18,1022000,5.92
2011-06-08,1.25,1.25,1.21,1.21,4734000,6.05
2011-06-07,1.17,1.27,1.15,1.25,4540200,6.23
2011-06-03,1.17,1.17,1.12,1.14,2478000,5.72
2011-06-02,1.20,1.20,1.15,1.17,4999500,5.85
2011-06-01,1.33,1.33,1.17,1.17,5672900,5.87
2011-05-31,1.15,1.27,1.14,1.25,13527000,6.25
2011-05-30,1.10,1.14,1.04,1.14,5547000,5.70
2011-05-27,1.01,1.07,0.95,1.05,5429200,5.25
2011-05-26,1.01,1.03,0.82,1.01,16472000,5.07
2011-05-25,1.23,1.23,0.99,1.01,24067000,5.05
2011-05-24,1.30,1.30,1.20,1.21,9399000,6.05
2011-05-23,1.33,1.33,1.27,1.27,2260000,6.37
2011-05-20,1.38,1.38,1.30,1.33,4143000,6.63
2011-05-19,1.38,1.40,1.35,1.38,2421000,6.88
2011-05-18,1.38,1.48,1.38,1.40,4660000,7.00
2011-05-17,1.35,1.35,1.30,1.35,2721000,6.75
2011-05-16,1.35,1.40,1.35,1.35,2223000,6.75
2011-05-13,1.30,1.38,1.25,1.38,8392000,6.88
2011-05-12,1.38,1.40,1.11,1.30,52923000,6.50
2011-05-11,1.52,1.52,1.35,1.40,13571000,7.00
2011-05-09,1.50,1.58,1.48,1.52,8569500,7.62
2011-05-06,1.52,1.55,1.48,1.50,12946500,7.50
2011-05-05,1.52,1.55,1.48,1.50,7315500,7.50
2011-05-04,1.55,1.58,1.52,1.52,3933000,7.62
2011-05-03,1.62,1.65,1.55,1.58,3375000,7.88
2011-04-29,1.50,1.60,1.50,1.60,2961000,8.00
2011-04-28,1.60,1.60,1.42,1.52,14418500,7.62
2011-04-27,1.67,1.67,1.55,1.58,5589000,7.88
2011-04-26,1.65,1.67,1.65,1.67,1653000,8.37
2011-04-21,1.65,1.67,1.62,1.65,757000,8.25
2011-04-20,1.65,1.67,1.62,1.65,2208000,8.25
2011-04-19,1.67,1.67,1.62,1.65,2421000,8.25
2011-04-18,1.75,1.75,1.62,1.70,3639000,8.50
2011-04-15,1.75,1.75,1.73,1.75,1580800,8.75
2011-04-14,1.73,1.77,1.73,1.75,8820000,8.75
2011-04-13,1.75,1.80,1.73,1.75,18217500,8.75
2011-04-12,1.77,1.77,1.70,1.77,8076000,8.87
2011-04-11,1.80,1.83,1.73,1.75,15906000,8.75
2011-04-08,1.65,1.83,1.65,1.77,38832000,8.87
2011-04-07,1.60,1.62,1.60,1.62,5064000,8.12
2011-04-06,1.67,1.70,1.58,1.60,6266600,8.00
2011-04-04,1.65,1.70,1.62,1.67,3774000,8.37
2011-04-01,1.62,1.65,1.58,1.65,7201500,8.25
2011-03-31,1.65,1.67,1.60,1.62,3573000,8.12
2011-03-30,1.65,1.70,1.62,1.65,10932000,8.25
2011-03-29,1.67,1.67,1.60,1.62,6133500,8.12
2011-03-28,1.65,1.67,1.62,1.67,5523600,8.37
2011-03-25,1.65,1.70,1.60,1.62,8632000,8.12
2011-03-24,1.70,1.75,1.65,1.67,11131000,8.37
2011-03-23,1.60,1.73,1.58,1.70,15372000,8.50
2011-03-22,1.50,1.58,1.50,1.58,2679000,7.88
2011-03-21,1.45,1.52,1.42,1.50,6590600,7.50
2011-03-18,1.38,1.45,1.38,1.40,8103000,7.00
2011-03-17,1.45,1.50,1.40,1.45,9565500,7.25
2011-03-16,1.50,1.55,1.45,1.50,4629000,7.50
2011-03-15,1.55,1.58,1.40,1.52,9840000,7.62
2011-03-14,1.52,1.62,1.50,1.58,5108100,7.88
2011-03-11,1.60,1.60,1.55,1.55,6221000,7.75
2011-03-10,1.65,1.65,1.60,1.62,1560000,8.12
2011-03-09,1.73,1.75,1.62,1.67,10516000,8.37
2011-03-08,1.88,1.88,1.73,1.73,13157500,8.63
2011-03-07,1.85,1.88,1.70,1.80,12581000,9.00
2011-03-04,1.65,1.75,1.62,1.75,18529500,8.75
2011-03-03,1.50,1.62,1.50,1.62,17281500,8.12
2011-03-02,1.42,1.45,1.40,1.45,3477000,7.25
2011-03-01,1.42,1.42,1.38,1.42,4476000,7.12
2011-02-28,1.40,1.45,1.35,1.40,6430400,7.00
2011-02-25,1.38,1.38,1.33,1.38,8343000,6.88
2011-02-24,1.40,1.45,1.24,1.35,20667000,6.75
2011-02-23,1.48,1.52,1.38,1.42,8035800,7.12
2011-02-22,1.55,1.55,1.45,1.48,8384000,7.38
2011-02-21,1.60,1.60,1.55,1.58,8400000,7.88
2011-02-18,1.67,1.67,1.58,1.60,7887000,8.00
2011-02-17,1.60,1.70,1.58,1.62,11164500,8.12
2011-02-16,1.58,1.65,1.55,1.58,6921000,7.88
2011-02-15,1.67,1.67,1.58,1.60,5236000,8.00
2011-02-14,1.58,1.60,1.55,1.58,11796000,7.88
2011-02-11,1.65,1.65,1.42,1.50,31964500,7.50
2011-02-07,1.85,1.88,1.77,1.80,12377000,9.00
2011-02-02,1.70,1.77,1.67,1.77,438000,8.87
2011-02-01,1.50,1.70,1.50,1.67,14984000,8.37
2011-01-31,1.45,1.52,1.40,1.50,4009500,7.50
2011-01-28,1.42,1.45,1.40,1.45,3453000,7.25
2011-01-27,1.42,1.42,1.40,1.40,2020000,7.00
2011-01-26,1.42,1.45,1.38,1.42,5298200,7.12
2011-01-25,1.50,1.52,1.42,1.42,9344000,7.12
2011-01-24,1.50,1.50,1.40,1.45,11329000,7.25
2011-01-21,1.45,1.52,1.45,1.48,8205000,7.38
2011-01-20,1.58,1.58,1.42,1.48,13652000,7.38
2011-01-19,1.65,1.65,1.58,1.60,8477000,8.00
2011-01-18,1.62,1.62,1.58,1.60,6510100,8.00
2011-01-17,1.65,1.70,1.62,1.65,7156000,8.25
2011-01-14,1.58,1.73,1.55,1.65,14567300,8.25
2011-01-13,1.58,1.58,1.48,1.55,13620500,7.75
2011-01-12,1.70,1.70,1.52,1.58,24280000,7.88
2011-01-11,1.75,1.75,1.62,1.67,13090000,8.37
2011-01-10,1.77,1.77,1.70,1.73,6581500,8.63
2011-01-07,1.83,1.83,1.73,1.77,12046500,8.87
2011-01-06,1.88,1.90,1.75,1.77,14000000,8.87
2011-01-05,1.77,1.90,1.77,1.85,21809200,9.25
2011-01-04,1.83,1.83,1.67,1.75,14784500,8.75
2011-01-03,1.67,1.80,1.62,1.80,19368600,9.00
2010-12-31,1.52,1.65,1.52,1.62,24724500,8.12
2010-12-30,1.50,1.52,1.45,1.50,6451000,7.50
2010-12-29,1.45,1.48,1.42,1.45,3064500,7.25
2010-12-28,1.50,1.52,1.42,1.45,12728000,7.25
2010-12-24,1.50,1.50,1.45,1.50,3207100,7.50
2010-12-23,1.45,1.50,1.42,1.50,10491500,7.50
2010-12-22,1.48,1.48,1.35,1.45,18715000,7.25
2010-12-21,1.55,1.55,1.40,1.48,24967000,7.38
2010-12-20,1.40,1.52,1.35,1.50,48162000,7.50
2010-12-17,1.24,1.40,1.24,1.35,21429500,6.75
2010-12-16,1.27,1.27,1.23,1.24,8863000,6.20
2010-12-15,1.25,1.27,1.23,1.24,13062300,6.18
2010-12-14,1.30,1.30,1.18,1.24,19996800,6.18
2010-12-13,1.24,1.24,1.17,1.18,6426000,5.92
2010-12-10,1.27,1.30,1.16,1.24,17295500,6.20
2010-12-09,1.10,1.35,1.00,1.23,365973000,6.13
2010-12-08,1.10,1.10,1.10,1.10,000,5.50
2010-12-07,1.10,1.11,1.07,1.10,7616000,5.50
2010-12-06,1.09,1.13,1.08,1.10,13107000,5.50
2010-12-03,1.10,1.10,1.08,1.08,6121500,5.40
2010-12-02,1.11,1.11,1.07,1.08,3102500,5.40
2010-12-01,1.10,1.11,1.08,1.09,7097500,5.45
2010-11-30,1.04,1.09,1.04,1.05,9066000,5.27
2010-11-29,0.99,1.03,0.97,1.03,5602500,5.17
2010-11-26,1.00,1.00,0.95,0.97,7489500,4.85
2010-11-25,1.02,1.02,0.97,1.00,2590000,4.98
2010-11-24,1.00,1.00,0.95,0.98,1865000,4.90
2010-11-23,1.00,1.00,0.95,0.96,6630000,4.82
2010-11-22,1.05,1.07,1.00,1.00,993000,5.02
2010-11-19,1.10,1.10,1.03,1.03,5166000,5.17
2010-11-18,1.01,1.05,1.00,1.05,2214000,5.25
2010-11-17,1.01,1.03,0.99,1.00,4433500,5.02
2010-11-16,1.05,1.07,1.00,1.03,6119000,5.15
2010-11-15,1.10,1.15,1.04,1.05,9705000,5.27
2010-11-12,1.10,1.13,1.08,1.10,19931000,5.48
2010-11-11,1.04,1.10,1.03,1.09,15009000,5.43
2010-11-10,1.03,1.04,1.00,1.03,7150500,5.15
2010-11-09,1.01,1.04,0.99,1.00,13750000,5.02
2010-11-08,1.03,1.04,0.98,1.00,10110000,4.98
2010-11-05,1.03,1.05,1.01,1.03,14076500,5.15
2010-11-04,0.95,1.02,0.94,1.00,13841500,5.00
2010-11-03,0.91,0.94,0.90,0.94,6558000,4.68
2010-11-02,0.90,0.92,0.88,0.90,1864500,4.50
2010-11-01,0.91,0.93,0.89,0.90,3240000,4.52
2010-10-29,0.88,0.90,0.88,0.89,2232000,4.45
2010-10-28,0.88,0.90,0.88,0.88,7239000,4.40
2010-10-27,0.85,0.87,0.85,0.86,2478000,4.30
2010-10-26,0.85,0.88,0.81,0.83,8637000,4.17
2010-10-25,0.90,0.90,0.84,0.87,3567000,4.35
2010-10-22,0.89,0.93,0.86,0.89,13281000,4.45
2010-10-21,0.87,0.89,0.83,0.86,6372000,4.28
2010-10-20,0.94,0.95,0.80,0.89,5567500,4.45
2010-10-19,0.96,0.96,0.92,0.94,5255000,4.72
2010-10-18,1.00,1.00,0.94,0.96,3186000,4.82
2010-10-15,0.99,1.00,0.98,1.00,1330500,4.98
2010-10-14,1.04,1.04,1.00,1.00,5249000,5.00
2010-10-13,1.05,1.05,1.01,1.02,2661000,5.12
2010-10-12,1.04,1.05,1.04,1.04,2223000,5.20
2010-10-11,1.05,1.08,1.03,1.04,4694000,5.22
2010-10-08,1.05,1.07,1.03,1.05,4935000,5.25
2010-10-07,1.00,1.09,0.98,1.03,14569000,5.15
2010-10-06,1.00,1.02,0.98,1.00,2628000,5.00
2010-10-05,1.01,1.03,0.98,1.00,12094000,4.98
2010-10-04,1.06,1.06,1.01,1.02,6318500,5.10
2010-09-30,1.03,1.04,1.02,1.03,4350000,5.15
2010-09-29,1.04,1.07,1.02,1.02,5712000,5.12
2010-09-28,1.05,1.07,1.04,1.04,5375500,5.20
2010-09-27,1.05,1.08,1.02,1.05,10513400,5.27
2010-09-24,1.00,1.02,0.97,1.00,5706000,5.02
2010-09-22,1.05,1.05,0.98,1.00,10365000,4.98
2010-09-21,1.02,1.08,1.02,1.04,6142500,5.20
2010-09-20,1.01,1.08,1.01,1.05,7614000,5.25
2010-09-17,1.09,1.10,1.01,1.04,10959000,5.20
2010-09-16,1.13,1.13,1.07,1.09,9168000,5.43
2010-09-15,1.10,1.18,1.10,1.11,22209000,5.53
2010-09-14,1.13,1.15,1.07,1.10,15274600,5.48
2010-09-13,1.20,1.20,1.11,1.12,9160500,5.62
2010-09-10,1.08,1.18,1.07,1.17,34867500,5.87
2010-09-09,1.04,1.10,1.03,1.07,13335500,5.33
2010-09-08,0.98,1.07,0.95,1.04,30879500,5.20
2010-09-07,1.04,1.06,0.99,1.01,11065500,5.05
2010-09-06,1.05,1.08,1.00,1.04,30560500,5.20
2010-09-03,0.86,0.99,0.86,0.98,16361300,4.90
2010-09-02,0.83,0.87,0.83,0.86,4918500,4.30
2010-09-01,0.83,0.85,0.81,0.83,4139000,4.15
2010-08-31,0.85,0.85,0.81,0.83,3132000,4.15
2010-08-30,0.84,0.86,0.82,0.85,3503000,4.25
2010-08-27,0.88,0.90,0.82,0.84,4144500,4.20
2010-08-26,0.85,0.93,0.82,0.87,124546500,4.35
2010-08-25,0.84,0.84,0.84,0.84,000,4.20
2010-08-24,0.89,0.89,0.82,0.84,2145000,4.20
2010-08-23,0.89,0.94,0.85,0.88,5016000,4.38
2010-08-20,0.90,0.90,0.88,0.89,3231000,4.45
2010-08-19,0.93,0.96,0.90,0.91,7152000,4.55
2010-08-18,0.93,0.99,0.93,0.94,5412000,4.70
2010-08-17,0.88,0.92,0.88,0.92,3459000,4.58
2010-08-16,0.93,0.93,0.87,0.89,1899000,4.45
2010-08-13,0.96,0.96,0.89,0.93,4093500,4.63
2010-08-12,0.91,0.96,0.90,0.94,5907000,4.70
2010-08-11,0.88,0.94,0.86,0.93,10543500,4.65
2010-08-10,0.82,0.89,0.82,0.86,8712000,4.28
2010-08-09,0.81,0.82,0.79,0.82,4287000,4.10
2010-08-06,0.74,0.81,0.71,0.79,4149600,3.93
2010-08-05,0.76,0.76,0.72,0.73,2229000,3.65
2010-08-04,0.70,0.76,0.70,0.75,1771500,3.73
2010-08-03,0.81,0.73,0.73,0.81,765000,4.03
2010-08-02,0.75,0.75,0.73,0.73,1953000,3.63
2010-07-30,0.78,0.78,0.74,0.75,210000,3.75
2010-07-29,0.76,0.78,0.75,0.76,1390900,3.82
2010-07-28,0.75,0.80,0.75,0.79,573000,3.93
2010-07-27,0.80,0.84,0.78,0.80,3864000,3.98
2010-07-26,0.68,0.68,0.79,0.80,7590000,3.98
2010-07-23,0.70,0.70,0.67,0.69,1881000,3.47
2010-07-22,0.69,0.69,0.65,0.68,3246500,3.38
2010-07-21,0.80,0.80,0.69,0.69,4287000,3.47
2010-07-20,0.76,0.77,0.75,0.75,4071000,3.75
2010-07-19,0.84,0.84,0.77,0.79,1651500,3.93
2010-07-16,0.84,0.85,0.83,0.85,450000,4.25
2010-07-15,0.84,0.83,0.86,0.86,465000,4.28
2010-07-14,0.88,0.83,0.83,0.90,2457000,4.50
2010-07-13,0.89,0.92,0.86,0.88,1983000,4.40
2010-07-12,0.95,0.98,0.88,0.90,1927200,4.50
2010-07-09,0.82,0.89,0.82,0.88,999000,4.38
2010-07-08,0.88,0.85,0.88,0.89,2295000,4.45
2010-07-07,0.90,0.93,0.85,0.89,6122500,4.47
2010-07-06,0.93,0.93,0.91,0.93,5977000,4.63
2010-07-05,0.88,0.95,0.88,0.93,4374000,4.65
2010-07-02,0.85,0.88,0.85,0.88,3103800,4.38
2010-06-30,0.83,0.88,0.83,0.86,1458000,4.30
2010-06-29,0.88,0.89,0.83,0.86,1947000,4.30
2010-06-28,0.80,0.89,0.80,0.88,3414000,4.40
2010-06-25,1.10,0.82,0.86,1.15,24886500,5.75
2010-06-24,1.04,1.04,1.04,1.04,000,5.22
2010-06-23,1.04,1.04,1.04,1.04,000,5.22
2010-06-22,1.04,1.04,1.04,1.04,000,5.22
2010-06-21,1.04,1.04,1.04,1.04,000,5.22
2010-06-18,1.04,1.04,1.04,1.04,000,5.22
2010-06-17,1.04,1.04,1.04,1.04,000,5.22
2010-06-15,1.04,1.04,1.04,1.04,000,5.22
2010-06-14,1.04,1.04,1.04,1.04,000,5.22
2010-06-11,1.04,1.04,1.04,1.04,000,5.22
2010-06-10,1.04,1.04,1.04,1.04,000,5.22
2010-06-09,1.04,1.04,1.04,1.04,000,5.22
2010-06-08,1.04,1.04,1.04,1.04,000,5.22
2010-06-07,1.04,1.04,1.04,1.04,000,5.22
2010-06-04,1.04,1.04,1.04,1.04,000,5.22
2010-06-03,1.04,1.04,1.04,1.04,000,5.22
2010-06-02,1.04,1.04,1.04,1.04,000,5.22
2010-06-01,1.04,1.04,1.04,1.04,000,5.22
2010-05-31,1.04,1.04,1.04,1.04,000,5.22
2010-05-28,1.04,1.04,1.04,1.04,000,5.22
2010-05-27,1.04,1.04,1.04,1.04,000,5.22
2010-05-26,1.04,1.04,1.04,1.04,000,5.22
2010-05-25,1.04,1.04,1.04,1.04,000,5.22
2010-05-24,1.04,1.04,1.04,1.04,000,5.22
2010-05-20,1.04,1.04,1.04,1.04,000,5.22
2010-05-19,1.04,1.04,1.04,1.04,000,5.22
2010-05-18,1.04,1.04,1.04,1.04,000,5.22
2010-05-17,1.04,1.04,1.04,1.04,000,5.22
2010-05-14,1.04,1.04,1.04,1.04,000,5.22
2010-05-13,1.08,1.08,1.02,1.04,2049000,5.22
2010-05-12,1.08,1.11,1.05,1.05,3382500,5.27
2010-05-11,1.11,1.12,1.04,1.10,5839500,5.48
2010-05-10,1.01,1.08,1.01,1.07,3993000,5.35
2010-05-07,1.00,1.01,0.90,1.00,11573500,4.98
2010-05-06,1.09,1.09,0.96,1.04,8805000,5.20
2010-05-05,1.16,1.05,1.10,1.16,9234500,5.82
2010-05-04,1.20,1.16,1.16,1.22,5815500,6.10
2010-05-03,1.19,1.20,1.15,1.18,3305000,5.90
2010-04-30,1.19,1.25,1.18,1.19,9352800,5.95
2010-04-29,1.20,1.22,1.16,1.16,5388000,5.82
2010-04-28,1.17,1.20,1.13,1.18,10621500,5.90
2010-04-27,1.25,1.25,1.16,1.17,8911500,5.85
2010-04-26,1.25,1.30,1.17,1.23,25214500,6.15
2010-04-23,1.04,1.24,1.02,1.20,27456000,6.00
2010-04-22,1.05,1.05,1.00,1.03,3420000,5.17
2010-04-21,1.05,1.09,1.03,1.04,6619000,5.22
2010-04-20,0.94,1.04,0.94,1.04,9652500,5.20
2010-04-19,0.99,0.99,0.92,0.94,40653000,4.72
2010-04-16,1.00,0.97,0.99,1.01,6945000,5.07
2010-04-15,1.02,0.99,1.01,1.04,10308000,5.20
2010-04-14,1.07,1.00,1.01,1.08,8838000,5.38
2010-04-13,0.99,1.06,0.95,1.05,25133500,5.25
2010-04-12,0.93,1.02,0.90,0.98,16670500,4.88
2010-04-09,0.92,0.88,0.90,0.94,7725000,4.72
2010-04-08,0.96,0.98,0.93,0.93,7635000,4.63
2010-04-07,0.89,0.89,0.94,0.96,14539500,4.80
2010-04-01,0.88,0.92,0.85,0.89,12874500,4.45
2010-03-31,0.81,0.81,0.90,0.95,41501500,4.75
2010-03-30,0.68,0.82,0.68,0.81,26915300,4.07
2010-03-29,0.63,0.63,0.66,0.67,9885500,3.35
2010-03-26,0.64,0.65,0.62,0.63,2542500,3.15
2010-03-25,0.62,0.63,0.62,0.63,555000,3.15
2010-03-24,0.62,0.63,0.62,0.63,2316000,3.17
2010-03-23,0.65,0.65,0.62,0.64,1635000,3.22
2010-03-22,0.63,0.66,0.62,0.64,1506000,3.20
2010-03-19,0.65,0.65,0.62,0.63,3565500,3.17
2010-03-18,0.67,0.64,0.64,0.67,3289500,3.33
2010-03-17,0.65,0.68,0.63,0.67,6616500,3.33
2010-03-16,0.64,0.58,0.65,0.68,9721500,3.38
2010-03-12,0.65,0.65,0.66,0.69,10056000,3.45
2010-03-11,0.65,0.65,0.63,0.64,2379000,3.22
2010-03-10,0.65,0.65,0.64,0.65,3354000,3.25
2010-03-09,0.65,0.63,0.65,0.68,3534000,3.38
2010-03-08,0.64,0.66,0.63,0.64,6313500,3.20
2010-03-05,0.64,0.62,0.63,0.67,5293000,3.35
2010-03-04,0.60,0.68,0.60,0.62,20094000,3.10
2010-03-03,0.53,0.56,0.52,0.56,814500,2.82
2010-03-02,0.55,0.55,0.52,0.53,939000,2.65
2010-03-01,0.54,0.55,0.54,0.54,849000,2.70
2010-02-26,0.52,0.51,0.55,0.55,1125000,2.73
2010-02-25,0.52,0.54,0.51,0.52,669000,2.62
2010-02-24,0.54,0.54,0.52,0.52,310500,2.62
2010-02-23,0.52,0.54,0.52,0.54,384000,2.70
2010-02-22,0.54,0.55,0.54,0.55,162000,2.73
2010-02-19,0.54,0.55,0.52,0.55,318000,2.75
2010-02-18,0.54,0.55,0.51,0.55,882000,2.75
2010-02-17,0.54,0.54,0.54,0.54,570000,2.68
2010-02-12,0.56,0.55,0.55,0.56,3285000,2.82
2010-02-11,0.56,0.56,0.56,0.56,693000,2.80
2010-02-10,0.56,0.56,0.56,0.56,709500,2.82
2010-02-09,0.56,0.57,0.56,0.56,576000,2.82
2010-02-08,0.57,0.57,0.56,0.57,909000,2.85
2010-02-05,0.58,0.56,0.56,0.58,1209000,2.90
2010-02-04,0.58,0.58,0.58,0.60,1179000,2.98
2010-02-03,0.58,0.57,0.58,0.59,2328000,2.95
2010-02-02,0.35,0.35,0.35,0.35,000,1.75
2010-02-01,0.57,0.57,0.60,0.60,1506000,2.98
2010-01-29,0.56,0.56,0.59,0.59,1056000,2.95
2010-01-28,0.56,0.56,0.56,0.58,829500,2.90
2010-01-27,0.60,0.56,0.56,0.60,930000,2.98
2010-01-26,0.58,0.57,0.57,0.61,1872000,3.05
2010-01-25,0.56,0.56,0.57,0.58,585000,2.92
2010-01-22,0.60,0.56,0.56,0.60,1767000,2.98
2010-01-21,0.60,0.58,0.58,0.60,765000,2.98
2010-01-20,0.60,0.58,0.60,0.60,993000,3.00
2010-01-19,0.61,0.58,0.60,0.61,2304000,3.03
2010-01-18,0.55,0.53,0.60,0.60,1350000,3.00
2010-01-15,0.57,0.56,0.56,0.58,2244000,2.92
2010-01-14,0.57,0.55,0.56,0.57,3111000,2.87
2010-01-13,0.60,0.56,0.56,0.60,2367000,3.00
2010-01-12,0.60,0.58,0.60,0.60,936000,3.00
2010-01-11,0.59,0.59,0.61,0.61,1335000,3.05
2010-01-08,0.35,0.35,0.35,0.35,000,1.75
2010-01-07,0.59,0.57,0.57,0.60,1029000,3.00
2010-01-06,0.62,0.58,0.59,0.64,2919000,3.20
2010-01-05,0.55,0.55,0.60,0.61,2704500,3.03
2010-01-04,0.55,0.54,0.55,0.56,795000,2.82
2010-01-01,0.35,0.35,0.35,0.35,000,1.75
2009-12-31,0.53,0.53,0.56,0.56,1056000,2.80
2009-12-30,0.57,0.54,0.56,0.57,2263500,2.87
2009-12-29,0.35,0.35,0.35,0.35,000,1.75
2009-12-28,0.62,0.57,0.58,0.62,2517000,3.12
2009-12-25,0.35,0.35,0.35,0.35,000,1.75
2009-12-24,0.62,0.61,0.62,0.62,2124000,3.12
2009-12-23,0.55,0.55,0.59,0.61,3561000,3.05
2009-12-22,0.56,0.54,0.55,0.56,2211000,2.80
2009-12-21,0.56,0.56,0.56,0.56,306000,2.82
2009-12-18,0.60,0.51,0.53,0.60,458000,3.00
2009-12-17,0.60,0.55,0.57,0.60,2211000,3.00
2009-12-16,0.60,0.58,0.60,0.60,735000,3.00
2009-12-15,0.61,0.59,0.60,0.61,2529000,3.05
2009-12-14,0.60,0.58,0.61,0.62,3729000,3.08
2009-12-11,0.56,0.56,0.60,0.60,4143000,3.00
2009-12-10,0.56,0.56,0.57,0.58,4909500,2.92
2009-12-09,0.57,0.56,0.56,0.61,2568000,3.03
2009-12-08,0.60,0.58,0.58,0.60,753000,3.00
2009-12-07,0.62,0.58,0.60,0.62,984000,3.12
2009-12-04,0.61,0.58,0.59,0.61,1686000,3.05
2009-12-03,0.62,0.60,0.60,0.62,1911000,3.12
2009-12-02,0.59,0.58,0.59,0.61,1365000,3.03
2009-12-01,0.58,0.58,0.59,0.60,876000,3.00
2009-11-30,0.58,0.58,0.61,0.61,1455000,3.05
2009-11-27,0.59,0.58,0.58,0.60,2775000,3.00
2009-11-26,0.60,0.60,0.61,0.62,1959000,3.08
2009-11-25,0.57,0.57,0.59,0.61,2586000,3.05
2009-11-24,0.62,0.58,0.58,0.63,3253500,3.15
2009-11-23,0.57,0.57,0.63,0.67,10413000,3.35
2009-11-20,0.60,0.56,0.57,0.60,3411000,3.00
2009-11-19,0.61,0.60,0.60,0.63,1809000,3.15
2009-11-18,0.67,0.60,0.62,0.67,2202000,3.33
2009-11-17,0.69,0.62,0.64,0.69,3765000,3.43
2009-11-16,0.71,0.67,0.68,0.71,8058000,3.55
2009-11-13,0.68,0.67,0.69,0.70,5535000,3.50
2009-11-12,0.71,0.68,0.68,0.71,3975000,3.55
2009-11-11,0.68,0.65,0.70,0.71,3898500,3.55
2009-11-10,0.71,0.68,0.68,0.71,3213000,3.55
2009-11-09,0.70,0.68,0.69,0.73,2910000,3.63
2009-11-06,0.73,0.69,0.69,0.73,6165000,3.65
2009-11-05,0.70,0.70,0.74,0.75,4452000,3.75
2009-11-04,0.70,0.69,0.70,0.70,1408000,3.52
2009-11-03,0.73,0.69,0.70,0.73,2481000,3.63
2009-11-02,0.71,0.70,0.72,0.74,1608000,3.68
2009-10-30,0.73,0.70,0.73,0.73,1152000,3.65
2009-10-29,0.73,0.70,0.73,0.73,1698000,3.63
2009-10-28,0.72,0.71,0.74,0.74,906000,3.68
2009-10-27,0.71,0.71,0.71,0.75,2379000,3.75
2009-10-26,0.75,0.75,0.75,0.75,000,3.77
2009-10-23,0.75,0.72,0.75,0.75,1917000,3.77
2009-10-22,0.73,0.70,0.75,0.75,1992000,3.73
2009-10-21,0.73,0.71,0.73,0.73,4018000,3.65
2009-10-20,0.79,0.79,0.79,0.79,000,3.93
2009-10-19,0.71,0.71,0.76,0.79,5443500,3.93
2009-10-16,0.70,0.68,0.68,0.70,1629000,3.52
2009-10-15,0.75,0.70,0.70,0.75,3325800,3.77
2009-10-14,0.80,0.73,0.74,0.80,4215000,3.98
2009-10-13,0.76,0.75,0.80,0.80,3909000,4.00
2009-10-12,0.77,0.75,0.77,0.79,1536000,3.95
2009-10-09,0.77,0.75,0.76,0.77,561000,3.85
2009-10-08,0.77,0.75,0.76,0.77,1524000,3.87
2009-10-07,0.76,0.75,0.77,0.79,1365000,3.93
2009-10-06,0.75,0.75,0.75,0.77,608500,3.87
2009-10-05,0.77,0.75,0.75,0.80,2340000,4.00
2009-10-02,0.73,0.71,0.77,0.80,2457000,4.00
2009-10-01,0.76,0.76,0.76,0.76,000,3.82
2009-09-30,0.76,0.71,0.71,0.76,3015000,3.82
2009-09-29,0.76,0.75,0.76,0.77,702000,3.87
2009-09-28,0.75,0.75,0.76,0.80,930000,4.00
2009-09-25,0.78,0.77,0.77,0.80,1878000,4.00
2009-09-24,0.81,0.80,0.80,0.81,2160000,4.05
2009-09-23,0.87,0.83,0.83,0.88,2884500,4.38
2009-09-22,0.85,0.85,0.88,0.90,2385000,4.50
2009-09-21,0.90,0.86,0.87,0.90,1557000,4.50
2009-09-18,0.81,0.81,0.88,1.06,7317000,5.30
2009-09-17,0.80,0.80,0.80,0.80,000,4.00
2009-09-16,0.80,0.80,0.81,0.81,1491000,4.07
2009-09-15,0.84,0.90,0.84,0.90,000,4.50
2009-09-14,0.84,0.90,0.84,0.90,000,4.50
2009-09-11,0.84,0.90,0.84,0.90,000,4.50
2009-09-10,0.84,0.84,0.85,0.90,1337500,4.50
2009-09-09,0.89,0.84,0.84,0.89,2919000,4.47
2009-09-08,0.94,0.89,0.89,0.95,1656000,4.75
2009-09-07,0.89,0.89,0.93,1.00,3531000,4.98
2009-09-04,0.90,0.88,0.89,0.90,1917000,4.50
2009-09-03,0.90,0.89,0.91,0.92,1680000,4.60
2009-09-02,0.93,0.90,0.92,0.93,925500,4.65
2009-09-01,0.96,0.94,0.96,0.96,2463000,4.82
2009-08-31,1.04,0.90,0.96,1.04,10260000,5.20
2009-08-28,0.85,0.85,1.00,1.00,10936500,5.00
2009-08-27,0.79,0.76,0.84,0.87,3286500,4.35
2009-08-26,0.80,0.76,0.79,0.80,1350000,4.00
2009-08-25,0.76,0.76,0.80,0.81,3297000,4.03
2009-08-24,0.75,0.74,0.80,0.80,4182000,4.00
2009-08-21,0.73,0.68,0.72,0.76,3555000,3.82
2009-08-20,0.90,0.90,0.82,0.90,000,4.50
2009-08-19,0.90,0.90,0.82,0.90,000,4.50
2009-08-18,0.90,0.90,0.82,0.90,8241000,4.50
2009-08-17,0.95,0.99,0.92,0.99,3551600,4.93
2009-08-14,0.96,1.02,0.96,1.02,000,5.12
2009-08-13,0.96,1.02,0.96,1.02,000,5.12
2009-08-12,0.96,1.02,0.96,1.02,000,5.12
2009-08-11,0.96,1.02,0.96,1.02,000,5.12
2009-08-10,0.96,0.91,1.01,1.02,5754000,5.12
2009-08-07,1.00,0.92,0.94,1.00,4720500,5.00
2009-08-06,1.00,0.98,0.99,1.02,2676000,5.10
2009-08-05,1.03,0.97,1.00,1.03,5262000,5.15
2009-08-04,1.04,1.00,1.02,1.07,6664500,5.33
2009-08-03,1.02,1.01,1.04,1.09,6096000,5.43
2009-07-31,1.07,1.02,1.02,1.11,12196500,5.55
2009-07-30,1.13,1.07,1.08,1.16,9534000,5.82
2009-07-29,1.14,1.02,1.12,1.18,13179000,5.90
2009-07-28,0.97,0.96,1.14,1.16,23608000,5.80
2009-07-27,1.03,0.94,0.96,1.03,17619000,5.15
2009-07-24,1.06,1.00,1.03,1.08,13351500,5.38
2009-07-23,1.05,1.03,1.07,1.09,6369000,5.43
2009-07-22,1.08,1.02,1.04,1.10,10210500,5.50
2009-07-21,1.13,1.04,1.08,1.14,13848000,5.70
2009-07-20,1.20,1.10,1.13,1.21,8697000,6.05
2009-07-17,1.15,1.15,1.09,1.15,000,5.75
2009-07-16,1.15,1.05,1.09,1.15,7775600,5.75
2009-07-15,1.15,1.15,1.09,1.15,000,5.75
2009-07-14,1.15,1.12,1.16,1.20,6115000,6.00
2009-07-13,1.15,1.13,1.14,1.17,6412000,5.87
2009-07-10,1.17,1.14,1.17,1.20,6049000,6.00
2009-07-09,1.25,1.17,1.18,1.25,9181500,6.25
2009-07-08,1.16,1.10,1.20,1.23,13146000,6.13
2009-07-07,1.15,1.15,1.20,1.27,44523000,6.37
2009-07-06,1.06,1.03,1.13,1.20,20149000,6.00
2009-07-03,1.14,1.02,1.04,1.20,16486000,5.98
2009-07-02,1.13,1.12,1.15,1.25,17494000,6.23
2009-07-01,1.27,1.27,1.27,1.27,000,6.37
2009-06-30,1.25,1.02,1.13,1.27,32356500,6.37
2009-06-29,1.20,1.20,1.21,1.42,43976500,7.12
2009-06-26,0.90,0.90,1.17,1.22,64440000,6.10
2009-06-25,0.79,0.71,0.88,0.88,38112000,4.40
2009-06-24,0.63,0.63,0.76,0.76,35278500,3.82
2009-06-23,0.63,0.61,0.62,0.66,25422000,3.30
2009-06-22,0.56,0.56,0.67,0.69,56526000,3.47
2009-06-19,0.49,0.49,0.54,0.54,17291500,2.70
2009-06-18,0.48,0.48,0.49,0.50,5210500,2.50
2009-06-17,0.46,0.45,0.50,0.50,2562000,2.52
2009-06-16,0.50,0.45,0.48,0.50,9608000,2.50
2009-06-15,0.52,0.49,0.50,0.54,8625000,2.68
2009-06-12,0.55,0.52,0.54,0.55,7327500,2.75
2009-06-11,0.54,0.53,0.55,0.56,9360000,2.80
2009-06-10,0.55,0.52,0.54,0.56,12898000,2.80
2009-06-09,0.57,0.50,0.52,0.57,21724500,2.87
2009-06-08,0.57,0.54,0.55,0.59,27636900,2.95
2009-06-05,0.54,0.51,0.56,0.58,38959500,2.90
2009-06-04,0.52,0.51,0.51,0.52,4899000,2.62
2009-06-03,0.51,0.51,0.52,0.53,15544400,2.65
2009-06-02,0.51,0.50,0.51,0.53,9268500,2.65
2009-06-01,0.52,0.50,0.51,0.52,11172000,2.62
2009-05-29,0.53,0.50,0.52,0.55,10596000,2.73
2009-05-28,0.35,0.35,0.35,0.35,000,1.75
2009-05-27,0.54,0.52,0.54,0.56,9181500,2.80
2009-05-26,0.54,0.52,0.54,0.57,5472000,2.87
2009-05-25,0.55,0.52,0.53,0.55,6714000,2.75
2009-05-22,0.56,0.48,0.53,0.58,16594400,2.92
2009-05-21,0.52,0.50,0.56,0.57,15652400,2.87
2009-05-20,0.58,0.49,0.50,0.61,26470500,3.05
2009-05-19,0.45,0.45,0.56,0.60,41041700,3.00
2009-05-18,0.38,0.37,0.44,0.44,16794000,2.20
2009-05-15,0.36,0.35,0.37,0.37,4424500,1.85
2009-05-14,0.35,0.34,0.35,0.36,4361000,1.80
2009-05-13,0.36,0.35,0.37,0.38,6315000,1.88
2009-05-12,0.37,0.35,0.37,0.38,7522500,1.90
2009-05-11,0.35,0.35,0.35,0.35,000,1.75
2009-05-08,0.35,0.35,0.35,0.35,000,1.75
2009-05-07,0.34,0.32,0.34,0.35,8161500,1.75
2009-05-06,0.31,0.30,0.33,0.34,22755000,1.70
2009-05-05,0.32,0.29,0.31,0.32,11157000,1.60
2009-05-04,0.29,0.29,0.31,0.32,11815500,1.60
2009-05-01,0.35,0.35,0.35,0.35,000,1.75
2009-04-30,0.29,0.28,0.29,0.31,4017000,1.53
2009-04-29,0.28,0.28,0.29,0.31,7519500,1.53
2009-04-28,0.31,0.26,0.28,0.32,18819000,1.62
2009-04-27,0.34,0.29,0.31,0.37,51147500,1.83
2009-04-24,0.28,0.28,0.33,0.34,22593000,1.68
2009-04-23,0.28,0.26,0.28,0.28,4902000,1.42
2009-04-22,0.35,0.35,0.35,0.35,000,1.75
2009-04-21,0.23,0.23,0.29,0.31,38435500,1.53
2009-04-20,0.23,0.23,0.24,0.25,6960000,1.27
2009-04-17,0.35,0.35,0.35,0.35,000,1.75
2009-04-16,0.20,0.20,0.25,0.26,42231000,1.32
2009-04-15,0.19,0.18,0.20,0.20,20278500,1.00
2009-04-14,0.19,0.18,0.19,0.20,19530000,1.02
2009-04-13,0.35,0.35,0.35,0.35,000,1.75
2009-04-10,0.35,0.35,0.35,0.35,000,1.75
2009-04-09,0.19,0.18,0.18,0.19,8029500,0.97
2009-04-08,0.19,0.18,0.18,0.19,2545500,0.93
2009-04-07,0.19,0.18,0.19,0.19,2191000,0.95
2009-04-06,0.19,0.17,0.19,0.19,5653500,0.95
2009-04-03,0.19,0.19,0.20,0.20,439500,1.00
2009-04-02,0.20,0.19,0.19,0.20,1818000,1.02
2009-04-01,0.18,0.18,0.20,0.22,5304000,1.08
2009-03-31,0.19,0.17,0.18,0.19,534000,0.93
2009-03-30,0.19,0.19,0.19,0.19,276000,0.93
2009-03-27,0.17,0.17,0.19,0.19,888000,0.95
2009-03-26,0.18,0.17,0.18,0.18,300000,0.90
2009-03-25,0.19,0.17,0.19,0.19,264000,0.95
2009-03-24,0.18,0.17,0.19,0.19,975000,0.95
2009-03-23,0.19,0.17,0.17,0.19,642000,0.93
2009-03-20,0.17,0.17,0.18,0.18,501000,0.90
2009-03-19,0.19,0.17,0.19,0.19,1374000,0.93
2009-03-18,0.18,0.18,0.18,0.19,2346000,0.93
2009-03-17,0.19,0.17,0.17,0.19,10263000,0.97
2009-03-16,0.19,0.18,0.19,0.19,2610000,0.95
2009-03-13,0.19,0.19,0.19,0.19,9894000,0.97
2009-03-12,0.19,0.19,0.19,0.20,7239000,1.02
2009-03-11,0.20,0.19,0.19,0.20,477000,1.00
2009-03-10,0.19,0.19,0.19,0.20,627000,1.00
2009-03-09,0.20,0.19,0.19,0.20,345000,1.00
2009-03-06,0.18,0.17,0.20,0.20,1689000,1.02
2009-03-05,0.20,0.20,0.20,0.22,639000,1.08
2009-03-04,0.20,0.20,0.22,0.22,1695000,1.08
2009-03-03,0.20,0.20,0.20,0.20,1327500,1.02
2009-03-02,0.21,0.20,0.20,0.21,1005000,1.05
2009-02-27,0.35,0.35,0.35,0.35,000,1.75
2009-02-26,0.22,0.21,0.21,0.22,807000,1.08
2009-02-25,0.35,0.35,0.35,0.35,000,1.75
2009-02-24,0.21,0.20,0.21,0.21,1614000,1.05
2009-02-23,0.21,0.20,0.22,0.22,1056000,1.08
2009-02-20,0.35,0.35,0.35,0.35,000,1.75
2009-02-19,0.23,0.22,0.22,0.23,2685000,1.17
2009-02-18,0.23,0.22,0.23,0.24,6024000,1.20
2009-02-17,0.23,0.22,0.23,0.26,19989000,1.30
2009-02-16,0.20,0.20,0.23,0.23,23223000,1.17
2009-02-13,0.19,0.19,0.20,0.20,4929000,1.00
2009-02-12,0.20,0.19,0.19,0.20,6508300,1.00
2009-02-11,0.20,0.19,0.20,0.20,4587000,1.02
2009-02-10,0.35,0.35,0.35,0.35,000,1.75
2009-02-09,0.19,0.19,0.20,0.20,7792000,1.02
2009-02-06,0.19,0.19,0.20,0.22,5359000,1.08
2009-02-05,0.23,0.19,0.19,0.23,5532000,1.15
2009-02-04,0.35,0.35,0.35,0.35,000,1.75
2009-02-03,0.35,0.35,0.35,0.35,000,1.75
2009-02-02,0.18,0.17,0.19,0.19,933000,0.95
2009-01-30,0.35,0.35,0.35,0.35,000,1.75
2009-01-29,0.19,0.19,0.20,0.20,1284000,1.02
2009-01-23,0.22,0.19,0.19,0.22,1380000,1.10
2009-01-22,0.20,0.20,0.20,0.23,507000,1.17
2009-01-21,0.24,0.23,0.24,0.24,4896000,1.20
2009-01-20,0.20,0.20,0.24,0.29,5968500,1.47
2009-01-19,0.23,0.19,0.20,0.23,1401000,1.15
2009-01-16,0.35,0.35,0.35,0.35,000,1.75
2009-01-15,0.28,0.25,0.26,0.28,1122000,1.38
2009-01-14,0.35,0.35,0.35,0.35,000,1.75
2009-01-13,0.35,0.35,0.35,0.35,000,1.75
2009-01-12,0.28,0.25,0.27,0.28,2214000,1.42
2009-01-09,0.28,0.27,0.28,0.28,12765000,1.40
2009-01-08,0.28,0.27,0.28,0.29,24447000,1.45
2009-01-07,0.30,0.28,0.28,0.30,4719000,1.50
2009-01-06,0.31,0.29,0.31,0.31,9358500,1.57
2009-01-05,0.29,0.29,0.31,0.32,11445000,1.62
2009-01-02,0.29,0.28,0.29,0.31,2217000,1.53
2009-01-01,0.35,0.35,0.35,0.35,000,1.75
2008-12-31,0.35,0.35,0.35,0.35,000,1.75
2008-12-30,0.28,0.28,0.28,0.29,6147000,1.45
2008-12-29,0.28,0.28,0.29,0.29,12609000,1.47
2008-12-26,0.35,0.35,0.35,0.35,000,1.75
2008-12-25,0.35,0.35,0.35,0.35,000,1.75
2008-12-24,0.35,0.35,0.35,0.35,000,1.75
2008-12-23,0.31,0.28,0.28,0.31,531000,1.53
2008-12-22,0.31,0.28,0.28,0.31,10113000,1.53
2008-12-19,0.29,0.28,0.29,0.29,5503500,1.45
2008-12-18,0.30,0.30,0.30,0.30,63000,1.50
2008-12-17,0.31,0.29,0.30,0.31,1810500,1.55
2008-12-16,0.31,0.30,0.31,0.31,927000,1.55
2008-12-15,0.30,0.30,0.31,0.34,4086000,1.70
2008-12-12,0.32,0.29,0.30,0.32,1827000,1.62
2008-12-11,0.31,0.30,0.32,0.32,681000,1.62
2008-12-10,0.34,0.31,0.34,0.34,8590500,1.72
2008-12-09,0.32,0.29,0.34,0.34,3909000,1.72
2008-12-08,0.34,0.34,0.34,0.34,823500,1.72
2008-12-05,0.34,0.34,0.34,0.36,6187500,1.80
2008-12-04,0.35,0.34,0.34,0.40,813000,1.98
2008-12-03,0.35,0.34,0.34,0.37,1698000,1.83
2008-12-02,0.38,0.35,0.37,0.38,2457000,1.92
2008-12-01,0.36,0.34,0.35,0.36,5395500,1.80
2008-11-28,0.40,0.35,0.35,0.42,2442000,2.10
2008-11-27,0.35,0.35,0.35,0.35,000,1.75
2008-11-26,0.41,0.38,0.39,0.47,4759500,2.35
2008-11-25,0.41,0.35,0.42,0.47,1176000,2.35
2008-11-24,0.35,0.35,0.35,0.35,000,1.75
2008-11-21,0.35,0.35,0.35,0.35,000,1.75
2008-11-20,0.46,0.46,0.46,0.46,120000,2.28
2008-11-19,0.42,0.41,0.47,0.47,1545000,2.35
2008-11-18,0.35,0.35,0.35,0.35,000,1.75
2008-11-17,0.35,0.35,0.35,0.35,000,1.75
2008-11-14,0.35,0.35,0.35,0.35,000,1.75
2008-11-13,0.45,0.43,0.50,0.50,1080000,2.50
2008-11-12,0.48,0.47,0.50,0.50,1434000,2.50
2008-11-11,0.56,0.47,0.50,0.56,1572000,2.82
2008-11-10,0.46,0.41,0.52,0.52,874500,2.60
2008-11-07,0.45,0.40,0.40,0.45,6000,2.25
2008-11-06,0.35,0.35,0.35,0.35,000,1.75
2008-11-05,0.55,0.46,0.46,0.55,21000,2.75
2008-11-04,0.46,0.40,0.50,0.50,84000,2.50
2008-11-03,0.35,0.35,0.35,0.35,000,1.75
2008-10-31,0.35,0.35,0.35,0.35,000,1.75
2008-10-30,0.35,0.35,0.35,0.35,000,1.75
2008-03-17,2.20,2.21,1.90,2.09,2242500,20.90
2008-03-14,2.43,2.43,2.14,2.16,600000,21.60
2008-03-13,2.46,2.46,2.25,2.34,531000,23.40
2008-03-12,2.37,2.50,2.30,2.43,325500,24.30
2008-03-11,2.31,2.37,2.30,2.37,211500,23.70
2008-03-10,2.38,2.38,2.29,2.29,922500,22.90
2008-03-07,2.50,2.50,2.40,2.43,595500,24.30
2008-03-06,2.55,2.60,2.49,2.49,586500,24.90
2008-03-05,2.45,2.65,2.45,2.50,271500,25.00
2008-03-04,2.65,2.65,2.50,2.60,763500,26.00
2008-03-03,2.80,2.85,2.65,2.70,586000,27.00
2008-02-29,2.70,2.95,2.70,2.80,2226000,28.00
2008-02-28,2.60,2.75,2.60,2.70,970500,27.00
2008-02-27,2.65,2.65,2.55,2.60,750000,26.00
2008-02-26,2.60,2.75,2.55,2.55,1135500,25.50
2008-02-25,2.70,2.70,2.50,2.50,424500,25.00
2008-02-22,2.85,2.85,2.41,2.65,1003500,26.50
2008-02-21,2.39,2.85,2.39,2.75,6315000,27.50
2008-02-20,2.41,2.49,2.35,2.39,979500,23.90
2008-02-19,2.45,2.45,2.36,2.40,1420500,24.00
2008-02-18,2.40,2.49,2.37,2.40,1711500,24.00
2008-02-15,2.40,2.44,2.38,2.40,570000,24.00
2008-02-14,2.40,2.40,2.35,2.38,233500,23.80
2008-02-13,2.45,2.48,2.38,2.39,234000,23.90
2008-02-12,2.55,2.55,2.45,2.45,291000,24.50
2008-02-11,2.30,2.60,2.30,2.50,1242600,25.00
2008-02-06,2.40,2.44,2.38,2.40,169500,24.00
2008-02-05,2.49,2.49,2.40,2.43,340500,24.30
2008-02-04,2.40,2.50,2.39,2.49,1129500,24.90
2008-02-01,2.30,2.48,2.30,2.38,1722000,23.80
2008-01-31,2.55,2.55,2.00,2.34,1794000,23.40
2008-01-30,2.55,2.80,2.42,2.42,3141000,24.20
2008-01-29,2.55,2.60,2.45,2.48,4167000,24.80
2008-01-28,2.65,2.65,2.40,2.47,2105000,24.70
2008-01-25,2.90,2.95,2.55,2.80,3250500,28.00
2008-01-24,3.50,3.90,2.20,2.65,12571500,26.50
2008-01-04,3.60,4.10,3.60,3.95,7033500,39.50
2008-01-03,3.50,3.80,3.35,3.65,3198000,36.50
2008-01-02,3.50,3.60,3.40,3.50,1119000,35.00
