date,time,open price,high price,low price,close price,volume,adjusted price
20130702,0,10.39,10.39,10.37,10.39,1600,10.36
20130701,0,10.28,10.43,10.28,10.43,1900,10.4
20130628,0,10.5,10.5,10.35,10.5,700,10.47
20130627,0,10.48,10.5,10.4,10.48,800,10.45
20130626,0,10.2,10.48,10.2,10.48,2500,10.45
20130625,0,10.19,10.25,10.18,10.2,7900,10.17
20130624,0,10.3,10.3,10.18,10.3,4800,10.27
20130621,0,10.5,10.5,10.21,10.3,700,10.27
20130620,0,10.5,10.51,10.2,10.3,29300,10.27
20130619,0,10.5,10.5,10.5,10.5,1300,10.47
20130618,0,10.4,10.5,10.3,10.5,4000,10.47
20130617,0,10.2,10.4,10.2,10.4,2900,10.37
20130614,0,10.21,10.3,10.16,10.3,3700,10.27
20130613,0,10.24,10.39,10.2,10.21,13100,10.18
20130612,0,10.15,10.24,10.15,10.24,800,10.21
20130611,0,10.4,10.4,10.2,10.39,1700,10.36
20130610,0,10.33,10.4,10.2,10.4,1100,10.37
20130607,0,10.38,10.4,10.2,10.4,2300,10.37
20130606,0,10.25,10.4,10.14,10.38,15900,10.35
20130605,0,10.4,10.4,10.2,10.2,6300,10.17
20130604,0,10.15,10.4,10.14,10.3,16500,10.27
20130603,0,10.51,10.51,10.06,10.4,13000,10.37
20130531,0,10.6,10.6,10.5,10.5,8700,10.47
20130530,0,10.55,10.69,10.55,10.6,1500,10.57
20130529,0,10.85,10.91,10.5,10.5,6700,10.47
20130528,0,10.3,10.94,10.3,10.8,20700,10.77
20130527,0,10.15,10.43,10.1,10.31,13500,10.28
20130524,0,9.65,10.15,9.65,10.15,20800,10.12
20130523,0,9.74,9.74,9.45,9.65,6100,9.62
20130522,0,9.88,9.88,9.66,9.8,11400,9.77
20130521,0,9.78,9.83,9.69,9.83,24600,9.8
20130520,0,9.78,9.8,9.77,9.8,1900,9.77
20130517,0,9.45,9.72,9.45,9.72,3400,9.69
20130516,0,9.54,9.62,9.4,9.54,7700,9.51
20130515,0,9.49,9.54,9.49,9.49,1600,9.46
20130514,0,9.3,9.39,9.25,9.28,1700,9.25
20130513,0,9.8,9.8,9.3,9.3,5500,9.27
20130510,0,9.8,9.8,9.52,9.79,1700,9.76
20130509,0,9.31,9.8,9.31,9.8,1700,9.77
20130508,0,9.48,9.48,9.3,9.48,600,9.45
20130507,0,9.47,9.47,9.32,9.32,900,9.29
20130506,0,9.75,9.75,9.49,9.49,22400,9.46
20130503,0,9.99,9.99,9.63,9.95,3800,9.92
20130502,0,9.85,9.95,9.65,9.95,400,9.92
20130501,0,9.9,9.9,9.9,9.9,0,9.87
20130430,0,9.9,10,9.8,9.9,10900,9.87
20130429,0,9.95,9.95,9.9,9.9,1300,9.87
20130426,0,9.95,10,9.8,9.85,32500,9.82
20130425,0,9.99,10.05,9.87,9.88,7000,9.85
20130424,0,10,10,9.85,9.85,600,9.82
20130423,0,9.9,10,9.8,9.8,4800,9.77
20130422,0,9.64,9.97,9.64,9.9,21300,9.87
20130419,0,9.55,9.68,9.55,9.65,3400,9.62
20130418,0,9.56,9.68,9.56,9.6,4700,9.57
20130417,0,9.35,9.67,9.35,9.55,31900,9.52
20130416,0,9.41,9.41,9.2,9.3,3600,9.27
20130415,0,9.04,9.43,9.04,9.43,4400,9.4
20130412,0,9.35,9.35,9.09,9.09,200,9.06
20130411,0,9.04,9.4,9.02,9.35,17700,9.32
20130410,0,9.02,9.05,9.02,9.02,2200,8.99
20130409,0,8.8,9.02,8.8,9.02,1900,8.99
20130408,0,8.95,9.04,8.62,8.78,7200,8.75
20130405,0,9.25,9.3,8.5,8.9,10500,8.87
20130404,0,9.25,9.3,9.21,9.21,1800,9.18
20130403,0,9.43,9.45,9.2,9.22,7000,9.19
20130402,0,9.4,9.48,9.29,9.43,14200,9.4
20130401,0,9.23,9.23,9.23,9.23,0,9.2
20130329,0,9.23,9.23,9.23,9.23,0,9.2
20130328,0,9.22,9.25,9.1,9.23,3600,9.2
20130327,0,9.49,9.8,9.21,9.25,75700,9.22
20130326,0,8.79,9.05,8.75,9.05,2300,9.02
20130325,0,8.94,9.05,8.71,9.03,3800,9
20130322,0,8.71,8.98,8.7,8.78,200,8.75
20130321,0,8.8,8.8,8.7,8.7,2700,8.67
20130320,0,8.81,8.81,8.76,8.8,1100,8.77
20130319,0,9,9,8.8,8.81,1000,8.78
20130318,0,8.95,8.95,8.75,8.94,2400,8.91
20130315,0,8.98,8.98,8.8,8.95,100,8.92
20130314,0,9,9.02,8.86,8.97,3300,8.94
20130313,0,9.09,9.09,8.86,8.91,700,8.88
20130312,0,8.95,9.05,8.85,8.95,600,8.92
20130311,0,9.1,9.1,8.92,9.05,1300,9.02
20130308,0,9.09,9.16,9,9.1,2000,9.07
20130307,0,9.15,9.15,8.9,9.1,600,9.07
20130306,0,8.45,9.38,8.45,8.8,6200,8.77
20130305,0,8.31,8.5,8.2,8.5,1400,8.47
20130304,0,8.34,8.5,8.15,8.5,4600,8.47
20130301,0,8.76,8.76,8.06,8.47,5100,8.44
20130228,0,8.75,8.76,8.58,8.76,4200,8.73
20130227,0,8.88,8.89,8.76,8.76,3300,8.73
20130226,0,8.85,8.85,8.65,8.75,3900,8.72
20130225,0,8.91,8.91,8.71,8.9,900,8.87
20130222,0,8.93,9.08,8.81,8.91,1500,8.88
20130221,0,9.15,9.15,8.91,9.05,3200,9.02
20130220,0,9.33,9.35,9.16,9.33,1600,9.3
20130219,0,9.46,9.47,9.25,9.34,9600,9.31
20130218,0,9.29,9.4,9.14,9.4,15500,9.37
20130215,0,9.2,9.2,9.06,9.19,27100,9.16
20130214,0,8.95,8.95,8.73,8.88,700,8.85
20130213,0,8.75,8.95,8.73,8.95,400,8.92
20130212,0,8.87,8.9,8.75,8.75,4100,8.72
20130211,0,8.96,8.97,8.87,8.87,3000,8.84
20130208,0,8.88,9.2,8.88,8.96,9400,8.93
20130207,0,8.8,8.81,8.8,8.81,100,8.78
20130206,0,8.9,8.9,8.75,8.89,700,8.86
20130205,0,8.92,8.92,8.81,8.88,2500,8.85
20130204,0,9.36,9.36,8.88,8.92,5500,8.89
20130201,0,9.25,9.41,9.25,9.35,2100,9.32
20130131,0,9.48,9.48,9.25,9.25,2800,9.22
20130130,0,9.37,9.45,9.12,9.12,4300,9.09
20130129,0,9.37,9.37,9.24,9.37,300,9.34
20130128,0,9.25,9.4,9.25,9.37,1800,9.34
20130125,0,9.4,9.4,9.21,9.39,200,9.36
20130124,0,9.3,9.45,9.2,9.45,800,9.42
20130123,0,9.5,9.5,9.23,9.45,1900,9.42
20130122,0,9.11,9.49,9.11,9.49,2600,9.46
20130121,0,8.8,9.59,8.8,9.04,12800,9.01
20130118,0,8.9,8.94,8.8,8.94,1700,8.91
20130117,0,8.9,8.9,8.62,8.9,7900,8.87
20130116,0,8.94,9.14,8.8,8.94,3200,8.91
20130115,0,8.28,9,8.28,8.94,18300,8.91
20130114,0,8.14,8.27,8.14,8.27,200,8.24
20130111,0,8.2,8.28,8.04,8.28,4300,8.25
20130110,0,8.2,8.2,8.05,8.19,400,8.16
20130109,0,8.28,8.28,7.86,8.21,1600,8.18
20130108,0,8.28,8.28,8.1,8.28,300,8.25
20130107,0,8.37,8.37,8,8.2,1400,8.17
20130104,0,8,8.38,7.8,8.38,2500,8.35
20130103,0,7.8,8.06,7.75,7.88,16600,7.85
20130102,0,7.52,7.86,7.51,7.81,4800,7.79
20130101,0,7.5,7.5,7.5,7.5,0,7.48
20121231,0,7.3,7.51,7.28,7.5,2000,7.48
20121228,0,7.44,7.55,7.36,7.47,6500,7.45
20121227,0,7.3,7.43,7.3,7.43,1100,7.41
20121226,0,7.3,7.3,7.3,7.3,0,7.28
20121225,0,7.3,7.3,7.3,7.3,0,7.28
20121224,0,7.3,7.49,7.3,7.3,3700,7.28
20121221,0,7.35,7.4,7.35,7.35,4000,7.33
20121220,0,7.3,7.38,7.3,7.37,3900,7.35
20121219,0,7.3,7.4,7.27,7.36,2300,7.34
20121218,0,7.33,7.33,7.25,7.33,3600,7.31
20121217,0,7.33,7.4,7.33,7.4,1800,7.38
20121214,0,7.5,7.5,7.37,7.49,2800,7.47
20121213,0,7.47,7.52,7.33,7.52,4100,7.5
20121212,0,7.39,7.5,7.36,7.36,2500,7.34
20121211,0,7.26,7.5,7.26,7.33,700,7.31
20121210,0,7.44,7.44,7.29,7.32,5100,7.3
20121207,0,7.44,7.44,7.27,7.44,700,7.42
20121206,0,7.55,7.55,7.24,7.44,2700,7.42
20121205,0,7.38,7.55,7.16,7.55,5100,7.53
20121204,0,7.06,7.28,7.05,7.28,12300,7.26
20121203,0,7.04,7.11,7,7.08,3000,7.06
20121130,0,7.16,7.17,7.1,7.15,3300,7.13
20121129,0,7.15,7.16,7.1,7.16,2300,7.14
20121128,0,7.1,7.15,7.1,7.15,2400,7.13
20121127,0,7.09,7.15,7.09,7.15,5700,7.13
20121126,0,7.09,7.12,7.03,7.12,1300,7.1
20121123,0,7.05,7.13,7.05,7.13,12100,7.11
20121122,0,6.98,7.05,6.94,7.02,1700,7
20121121,0,7.11,7.11,7.11,7.11,300,7.09
20121120,0,7.13,7.13,6.92,7.1,2900,7.08
20121119,0,7.12,7.15,6.91,7.15,5000,7.13
20121116,0,7,7.12,6.9,7.12,1100,7.1
20121115,0,6.9,7.15,6.78,7.14,17400,7.12
20121114,0,7.04,7.14,7.03,7.14,2300,7.12
20121113,0,7.03,7.03,6.9,7.03,1100,7.01
20121112,0,7.14,7.14,7.02,7.1,1200,7.08
20121109,0,7.15,7.15,7,7.13,5600,7.11
20121108,0,7.08,7.14,7.01,7.14,1400,7.12
20121107,0,7.05,7.15,7.01,7.15,2000,7.13
20121106,0,7,7.19,6.97,7.05,3500,7.03
20121105,0,7.02,7.05,7,7.01,2900,6.99
20121102,0,7.04,7.16,7,7.04,2700,7.02
20121101,0,7.05,7.19,7.02,7.02,2500,7
20121031,0,7.1,7.25,7.08,7.08,5500,7.06
20121030,0,7.35,7.35,7.08,7.08,4700,7.06
20121029,0,7.2,7.35,7.2,7.35,100,7.33
20121026,0,7.22,7.36,7.2,7.35,1300,7.33
20121025,0,7.21,7.39,7.21,7.38,1100,7.36
20121024,0,7.25,7.25,7.2,7.22,900,7.2
20121023,0,7.3,7.4,7.22,7.22,4900,7.2
20121022,0,7.39,7.4,7.21,7.21,6900,7.19
20121019,0,7.39,7.47,7.39,7.39,16000,7.37
20121018,0,7.5,7.5,7.41,7.45,1600,7.43
20121017,0,7.55,7.55,7.41,7.5,25500,7.48
20121016,0,7.57,7.57,7.45,7.55,8700,7.53
20121015,0,7.6,7.6,7.51,7.57,400,7.55
20121012,0,7.48,7.6,7.41,7.6,2000,7.58
20121011,0,7.48,7.48,7.41,7.48,3100,7.46
20121010,0,7.5,7.5,7.41,7.48,900,7.46
20121009,0,7.61,7.61,7.42,7.51,2500,7.49
20121008,0,7.61,7.61,7.41,7.61,1300,7.59
20121005,0,7.5,7.6,7.48,7.6,2300,7.58
20121004,0,7.6,7.6,7.53,7.53,44500,7.51
20121003,0,7.59,7.59,7.5,7.59,7600,7.57
20121002,0,7.58,7.63,7.51,7.55,4600,7.53
20121001,0,7.65,7.65,7.39,7.5,800,7.48
20120928,0,7.43,7.55,7.29,7.29,4600,7.27
20120927,0,7.45,7.45,7.31,7.42,4300,7.4
20120926,0,7.63,7.63,7.31,7.39,8200,7.37
20120925,0,7.4,7.65,7.4,7.64,11500,7.62
20120924,0,7.75,7.88,7.34,7.5,13700,7.48
20120921,0,7.18,7.68,7.18,7.5,25000,7.48
20120920,0,6.99,7.49,6.99,7.18,27500,7.16
20120919,0,6.95,6.97,6.9,6.97,5200,6.95
20120918,0,6.95,6.95,6.82,6.83,1500,6.81
20120917,0,6.85,6.96,6.85,6.95,3400,6.93
20120914,0,6.82,6.99,6.81,6.97,4400,6.95
20120913,0,6.65,6.97,6.65,6.97,6900,6.95
20120912,0,6.7,6.7,6.5,6.69,5900,6.67
20120911,0,6.83,6.83,6.63,6.69,2800,6.67
20120910,0,6.8,6.8,6.7,6.75,6800,6.73
20120907,0,6.9,6.9,6.75,6.84,1100,6.82
20120906,0,6.85,6.9,6.7,6.9,2000,6.88
20120905,0,6.9,6.9,6.85,6.85,10200,6.83
20120904,0,6.91,6.99,6.85,6.9,1200,6.88
20120903,0,7,7,6.82,6.99,900,6.97
20120831,0,6.97,7,6.97,7,400,6.98
20120830,0,6.89,6.97,6.87,6.96,1000,6.94
20120829,0,7,7,6.91,7,2000,6.98
20120828,0,6.99,7,6.88,7,800,6.98
20120827,0,6.9,7,6.87,6.99,1600,6.97
20120824,0,7,7,6.89,7,100,6.98
20120823,0,7,7.04,6.9,7.04,1300,7.02
20120822,0,7,7,6.9,7,1400,6.98
20120821,0,6.99,6.99,6.9,6.99,1300,6.97
20120820,0,6.9,7,6.9,7,4200,6.98
20120817,0,7,7,6.85,7,2600,6.98
20120816,0,7,7.08,6.99,7,5200,6.98
20120815,0,7,7,7,7,0,6.98
20120814,0,7,7,6.81,7,1200,6.98
20120813,0,6.86,7.1,6.7,7,1500,6.98
20120810,0,7.3,7.3,6.87,7.12,11500,7.1
20120809,0,7.39,7.4,7.32,7.4,1100,7.38
20120808,0,7.4,7.59,7.33,7.59,900,7.57
20120807,0,7.45,7.68,7.32,7.32,2100,7.3
20120806,0,7.7,7.7,7.21,7.69,2400,7.67
20120803,0,8.45,8.45,8.45,8.45,0,8.42
20120802,0,8.45,8.45,8.45,8.45,0,8.42
20120801,0,8.45,8.45,8.45,8.45,0,8.42
20120731,0,8.45,8.45,8.45,8.45,0,8.42
20120730,0,8.45,8.45,8.45,8.45,0,8.42
20120727,0,8.45,8.45,8.45,8.45,0,8.42
20120726,0,8.5,8.5,7.9,8.45,1500,8.42
20120725,0,8.4,8.5,8.2,8.5,500,84.73
20120724,0,8.4,8.6,8.2,8.5,3700,84.73
20120723,0,8.4,8.7,8.3,8.5,2400,84.73
20120720,0,8.6,8.8,8.5,8.7,2500,86.72
20120719,0,8.5,8.7,8.5,8.6,800,85.73
20120718,0,8.6,8.7,8.4,8.7,2400,86.72
20120717,0,8.8,8.8,8.6,8.7,700,86.72
20120716,0,8.8,8.8,8.6,8.8,300,87.72
20120713,0,8.8,8.8,8.6,8.8,600,87.72
20120712,0,8.7,8.8,8.6,8.8,4200,87.72
20120711,0,8.7,8.7,8.6,8.7,400,86.72
20120710,0,8.6,8.7,8.5,8.7,3000,86.72
20120709,0,8.8,8.8,8.7,8.7,1100,86.72
20120706,0,9,9.1,8.7,8.9,5700,88.72
20120705,0,9,9,8.9,8.9,3100,88.72
20120704,0,8.4,9,8.4,8.9,8500,88.72
20120703,0,8.5,8.6,8.4,8.4,7300,83.73
20120702,0,8.6,8.6,8.4,8.5,15000,84.73
20120629,0,8.7,8.7,8.3,8.6,5400,85.73
20120628,0,8.8,8.8,8.8,8.8,0,87.72
20120627,0,8.8,8.8,8.8,8.8,0,87.72
20120626,0,8.8,8.8,8.8,8.8,0,87.72
20120625,0,8.8,8.8,8.3,8.8,4300,87.72
20120622,0,8.9,8.9,8.4,8.9,2400,88.72
20120621,0,9.1,9.1,8.5,8.9,9800,88.72
20120620,0,9,9.1,8.7,9,2400,89.71
20120619,0,8.6,9,8.6,9,1700,89.71
20120618,0,8.7,9,8.6,8.6,2300,85.73
20120615,0,8.9,8.9,8.6,8.6,300,85.73
20120614,0,8.9,9,8.6,8.7,1800,86.72
20120613,0,8.9,9,8.8,8.9,800,88.72
20120612,0,8.9,8.9,8.8,8.9,100,88.72
20120611,0,8.9,9.2,8.9,8.9,1500,88.72
20120608,0,9,9.2,8.8,8.9,3000,88.72
20120607,0,9,9,8.7,9,1000,89.71
20120606,0,8.9,9,8.8,9,700,89.71
20120605,0,9,9,8.6,9,1000,89.71
20120604,0,8.6,9.1,8.3,9.1,3300,90.71
20120601,0,9.2,9.2,8.8,9,2300,89.71
20120531,0,9.2,9.2,9,9,400,89.71
20120530,0,9.2,9.3,8.7,9.3,3700,92.7
20120529,0,9.1,9.1,9.1,9.1,500,90.71
20120528,0,8.9,9.2,8.9,9.2,1200,91.71
20120525,0,9.3,9.3,9,9.3,500,92.7
20120524,0,9.3,9.3,9.1,9.3,300,92.7
20120523,0,8.9,9.3,8.7,9.1,5600,90.71
20120522,0,9,9,8.8,8.8,5500,87.72
20120521,0,8.8,8.9,8.7,8.9,1200,88.72
20120518,0,8.5,8.7,8.5,8.7,2600,86.72
20120517,0,8.8,9,8.6,8.7,2400,86.72
20120516,0,8.7,9,8.4,8.8,13600,87.72
20120515,0,9.8,9.9,9.6,9.6,3700,95.69
20120514,0,10,10.2,9.9,10.2,400,101.68
20120511,0,10.3,10.3,10,10.2,3000,101.68
20120510,0,10.4,10.4,10,10.3,4800,102.67
20120509,0,10.6,10.6,10,10.4,2300,103.67
20120508,0,10.7,10.7,10.6,10.6,300,105.66
20120507,0,10.3,10.6,10,10.6,2300,105.66
20120504,0,10.6,10.6,10.1,10.6,3600,105.66
20120503,0,10.8,11,10.6,10.6,1700,105.66
20120502,0,10.6,10.7,10.5,10.6,700,105.66
20120501,0,10.6,10.6,10.6,10.6,0,105.66
20120430,0,10.6,10.7,10.4,10.6,2100,105.66
20120427,0,10.6,10.6,10.1,10.6,3000,105.66
20120426,0,10.7,10.8,10.5,10.7,2600,106.66
20120425,0,10.2,10.8,10.2,10.8,4200,107.66
20120424,0,10,10.4,10,10.4,2300,103.67
20120423,0,10.3,10.5,10,10.1,4500,100.68
20120420,0,10.7,10.9,10.4,10.7,2700,106.66
20120419,0,11.1,11.2,10,10.9,3500,108.65
20120418,0,11.2,11.2,10.8,11.1,7400,110.65
20120417,0,11,11.1,10.8,11.1,2900,110.65
20120416,0,11,11.1,10.9,11.1,2100,110.65
20120413,0,11.4,11.4,11,11.1,1600,110.65
20120412,0,11.3,11.3,11.1,11.3,1800,112.64
20120411,0,11.2,11.4,11,11.2,9000,111.64
20120410,0,11,11.5,10.9,11.5,17400,114.63
20120409,0,11.3,11.3,11.3,11.3,0,112.64
20120406,0,11.3,11.3,11.3,11.3,0,112.64
20120405,0,11.2,11.3,11.1,11.3,6200,112.64
20120404,0,11.6,11.6,11.2,11.4,1200,113.64
20120403,0,11.7,11.7,11.3,11.5,6100,114.63
20120402,0,11.8,11.9,11.6,11.8,6000,117.62
20120330,0,12.2,12.2,11.5,11.5,13800,114.63
20120329,0,12.3,12.6,11.9,12.2,83400,121.61
20120328,0,12,12.3,11.8,11.9,23200,118.62
20120327,0,11.6,12.1,11.6,11.9,22500,118.62
20120326,0,11.2,11.8,11.2,11.5,14500,114.63
20120323,0,11.2,11.2,11.1,11.2,5300,111.64
20120322,0,11.3,11.3,10.9,11.3,3500,112.64
20120321,0,11.2,11.4,11,11.2,3100,111.64
20120320,0,11.1,11.6,11.1,11.2,4500,111.64
20120319,0,11.3,11.3,11,11.2,1500,111.64
20120316,0,11.2,11.3,10.9,11.3,9700,112.64
20120315,0,11.5,11.5,11.1,11.2,7200,111.64
20120314,0,11.4,11.8,11.2,11.5,7300,114.63
20120313,0,11.4,11.4,11.2,11.4,1000,113.64
20120312,0,11.4,11.5,11.2,11.4,2000,113.64
20120309,0,11.3,11.5,11.1,11.4,4800,113.64
20120308,0,11,11.3,11,11.3,1900,112.64
20120307,0,10.9,11.1,10.9,11.1,2000,110.65
20120306,0,11.4,11.4,10.9,11.1,6400,110.65
20120305,0,11.4,11.4,11.3,11.4,1100,113.64
20120302,0,11.6,11.6,11.3,11.5,1100,114.63
20120301,0,11.5,11.6,11.3,11.5,2200,114.63
20120229,0,11.2,11.7,11.2,11.5,5700,114.63
20120228,0,11.5,11.6,11.2,11.3,1600,112.64
20120227,0,11.6,11.6,11.3,11.3,1300,112.64
20120224,0,11.2,11.5,11,11.5,4800,114.63
20120223,0,11.5,11.5,11.2,11.4,3200,113.64
20120222,0,11.5,11.7,11.4,11.6,2700,115.63
20120221,0,11.7,11.7,11.5,11.7,2700,116.63
20120220,0,12,12.1,11.5,11.8,6700,117.62
20120217,0,12.3,12.4,11.7,11.9,21000,118.62
20120216,0,11.7,11.8,11.2,11.8,5100,117.62
20120215,0,11.5,11.9,11.5,11.8,6300,117.62
20120214,0,11.5,11.9,11.2,11.8,9900,117.62
20120213,0,11.2,11.6,11.2,11.6,7000,115.63
20120210,0,11.6,11.8,11.1,11.5,13600,114.63
20120209,0,11.2,13.4,11.2,11.4,144500,113.64
20120208,0,10.9,11.2,10.7,11,3800,109.65
20120207,0,10.8,11,10.7,11,2300,109.65
20120206,0,11,11,10.8,11,1500,109.65
20120203,0,11.2,11.2,10.7,11,4300,109.65
20120202,0,11.2,11.2,11,11,900,109.65
20120201,0,11.2,11.2,10.9,11.2,4000,111.64
20120131,0,11,11.3,10.7,11.2,8100,111.64
20120130,0,10.8,11.2,10.5,11,8800,109.65
20120127,0,10.1,10.8,10.1,10.8,16800,107.66
20120126,0,10.3,10.3,10,10.2,1800,101.68
20120125,0,10.3,10.4,10,10.3,2200,102.67
20120124,0,10.5,10.5,10.2,10.5,2100,104.67
20120123,0,10.4,10.6,10.3,10.6,5700,105.66
20120120,0,10.3,10.6,10.1,10.4,12200,103.67
20120119,0,9.7,10.1,9.7,10.1,5600,100.68
20120118,0,9.6,9.9,9.6,9.9,5700,98.68
20120117,0,9.4,10.2,9.4,9.5,24500,94.7
20120116,0,9.2,9.5,9.2,9.4,3000,93.7
20120113,0,9.4,9.4,9.2,9.3,1100,92.7
20120112,0,9.3,9.5,9.1,9.4,3800,93.7
20120111,0,9.3,9.3,9.1,9.3,600,92.7
20120110,0,9.5,9.5,9,9.3,2500,92.7
20120109,0,9.4,9.4,9.2,9.4,1800,93.7
20120106,0,9.2,9.5,9.1,9.5,13400,94.7
20120105,0,9.2,9.4,9.2,9.3,2200,92.7
20120104,0,9.5,9.5,9.1,9.1,9100,90.71
20120103,0,9,9,9,9,2100,89.71
20120102,0,8.6,9,8.6,9,3800,89.71
20111230,0,8.8,8.9,8.6,8.9,1900,88.72
20111229,0,8.7,8.8,8.6,8.8,900,87.72
20111228,0,8.7,8.9,8.6,8.8,3400,87.72
20111227,0,8.6,8.7,8.4,8.7,900,86.72
20111226,0,8.6,8.6,8.6,8.6,0,85.73
20111223,0,8.7,8.7,8.6,8.6,800,85.73
20111222,0,8.6,8.6,8.3,8.4,18300,83.73
20111221,0,8.8,8.9,8.6,8.6,4800,85.73
20111220,0,8.5,8.8,8.5,8.8,2700,87.72
20111219,0,8.4,8.7,8.4,8.7,900,86.72
20111216,0,8.6,8.8,8.5,8.8,2100,87.72
20111215,0,9,9,8.7,8.9,1400,88.72
20111214,0,9.3,9.5,8.6,8.6,7600,85.73
20111213,0,8.8,9,8.8,9,1700,89.71
20111212,0,8.9,9,8.8,9,2500,89.71
20111209,0,8.8,9.1,8.7,8.8,2300,87.72
20111208,0,8.8,9.5,8.7,8.7,5500,86.72
20111207,0,9,9,8.6,9,3300,89.71
20111206,0,8.8,9,8.8,9,2200,89.71
20111205,0,9,9.1,8.9,9.1,2300,90.71
20111202,0,9.1,9.2,8.9,9,5300,89.71
20111201,0,8.9,9.1,8.9,9,900,89.71
20111130,0,8.8,9,8.4,9,3400,89.71
20111129,0,8.7,8.9,8.7,8.8,1400,87.72
20111128,0,8.5,8.7,8.5,8.6,2200,85.73
20111125,0,8.7,8.7,8.4,8.5,2300,84.73
20111124,0,8.8,8.8,8.2,8.7,2800,86.72
20111123,0,8.8,8.8,8.5,8.8,2900,87.72
20111122,0,8.8,8.8,8.6,8.8,6300,87.72
20111121,0,8.8,8.8,8.6,8.8,6200,87.72
20111118,0,8.9,8.9,8.7,8.8,4700,87.72
20111117,0,9,9,8.8,8.9,1600,88.72
20111116,0,9.1,9.2,9,9,5400,89.71
20111115,0,9.7,9.7,9,9,7000,89.71
20111114,0,9,9.6,9,9.5,4100,94.7
20111111,0,8.9,9.2,8.9,8.9,0,88.72
20111110,0,8.8,8.9,8.6,8.9,11400,88.72
20111109,0,9.1,9.5,8.8,9,8200,89.71
20111108,0,8.9,9,8.8,9,3800,89.71
20111107,0,8.7,8.9,8.5,8.9,800,88.72
20111104,0,9,9,8.8,9,400,89.71
20111103,0,9,9,8.6,8.9,300,88.72
20111102,0,8.5,9,8.5,8.7,800,86.72
20111101,0,9.1,9.1,8.3,8.8,8600,87.72
20111031,0,9.2,9.2,9.1,9.2,3800,91.71
20111028,0,9.2,9.4,9.2,9.2,700,91.71
20111027,0,9,9.5,9,9.2,2500,91.71
20111026,0,9.1,9.1,8.9,9.1,1100,90.71
20111025,0,9,9.2,9,9,2700,89.71
20111024,0,9.2,9.2,8.9,9,900,89.71
20111021,0,9.1,9.1,8.9,9,900,89.71
20111020,0,9.2,9.2,8.9,9.1,3600,90.71
20111019,0,9.3,9.5,9.2,9.4,1500,93.7
20111018,0,9.6,9.6,9.1,9.4,2000,93.7
20111017,0,9.6,9.6,9.4,9.6,600,95.69
20111014,0,9.9,9.9,9.4,9.6,4000,95.69
20111013,0,9.8,9.8,9.4,9.8,2800,97.69
20111012,0,9.3,9.8,9.2,9.4,12100,93.7
20111011,0,9.2,9.5,9.1,9.5,3300,94.7
20111010,0,9.3,9.3,9.1,9.2,7100,91.71
20111007,0,9,9.1,8.9,9,4000,89.71
20111006,0,8.7,8.9,8.7,8.9,3700,88.72
20111005,0,8.8,8.8,8.4,8.7,4000,86.72
20111004,0,8.5,8.6,8.3,8.5,11100,84.73
20111003,0,9.1,9.1,8.7,9,6600,89.71
20110930,0,9.1,9.7,8.7,9.2,14000,91.71
20110929,0,9.8,9.9,8.9,9.2,21600,91.71
20110928,0,10,11.3,9.6,9.8,83500,97.69
20110927,0,8.3,9.4,8.3,9,50200,89.71
20110926,0,8.3,8.5,7.9,8,19800,79.75
20110923,0,8.6,8.8,7.7,8.4,12800,83.73
20110922,0,9.2,9.2,8.5,8.5,6200,84.73
20110921,0,9.7,9.7,9.2,9.5,6000,94.7
20110920,0,9.4,9.7,9.4,9.7,200,96.69
20110919,0,9.5,9.8,9.5,9.7,3500,96.69
20110916,0,9.9,10,9.5,9.9,2600,98.68
20110915,0,9.7,9.9,9.3,9.6,4100,95.69
20110914,0,9.8,9.8,9.4,9.6,17300,95.69
20110913,0,9.8,9.9,9.4,9.6,2800,95.69
20110912,0,9.6,10,9.6,9.6,1400,95.69
20110909,0,10.2,10.3,10,10,3000,99.68
20110908,0,10.1,10.2,10.1,10.2,100,101.68
20110907,0,9.7,10,9.7,9.9,2000,98.68
20110906,0,10,10,9.5,9.6,4200,95.69
20110905,0,10.3,10.3,9.5,9.8,5500,97.69
20110902,0,10.4,10.5,10.3,10.5,900,104.67
20110901,0,10.7,10.7,10.4,10.4,900,103.67
20110831,0,10.6,10.8,10.4,10.7,1600,106.66
20110830,0,10.5,10.6,10.3,10.6,1600,105.66
20110829,0,10.6,10.6,10.3,10.5,700,104.67
20110826,0,10.4,10.8,10,10.3,4100,102.67
20110825,0,10.7,10.9,10.5,10.8,2000,107.66
20110824,0,10.6,10.9,10.2,10.9,1000,108.65
20110823,0,10.4,10.9,10.4,10.9,100,108.65
20110822,0,10.2,10.8,10.2,10.8,500,107.66
20110819,0,10.2,10.9,10.2,10.7,1100,106.66
20110818,0,11,11,10.2,10.7,3300,106.66
20110817,0,10.8,11,10.6,10.9,700,108.65
20110816,0,11,11,10.3,10.9,2000,108.65
20110815,0,10.7,11,10.7,11,1300,109.65
20110812,0,10.7,11,10.4,11,2300,109.65
20110811,0,10.7,10.7,10.2,10.7,1300,106.66
20110810,0,10.9,11,9.9,10.7,2600,106.66
20110809,0,10.4,10.6,9.7,10.5,4300,104.67
20110808,0,10.4,10.9,9.9,10.4,4800,103.67
20110805,0,10.3,11.1,10.2,10.9,6200,108.65
20110804,0,11.4,11.5,10.3,10.9,2500,108.65
20110803,0,10.7,11.5,10.7,11.4,2000,113.64
20110802,0,11.5,11.5,10.6,11.4,5700,113.64
20110801,0,11.9,12.3,11.4,11.5,2800,114.63
20110729,0,11.9,11.9,11.5,11.7,1000,116.63
20110728,0,12,12,11.6,11.8,1300,117.62
20110727,0,12.3,12.6,11.9,12,4200,119.62
20110726,0,12.2,12.7,12.2,12.7,500,126.6
20110725,0,12.5,12.8,12.5,12.5,3500,124.6
20110722,0,12,13,12,12.5,16100,124.6
20110721,0,12,12.3,11.8,12,2300,119.62
20110720,0,11.4,12.1,11.4,12.1,4500,120.61
20110719,0,11,11.7,11,11.3,6300,112.64
20110718,0,11.5,11.7,10.9,11.2,9300,111.64
20110715,0,11.5,11.8,11.2,11.7,1900,116.63
20110714,0,12.3,12.3,11.4,11.9,3400,118.62
20110713,0,12,12.3,12,12.3,1500,122.61
20110712,0,12,12.3,11.9,12.3,3100,122.61
20110711,0,12.7,12.7,12,12.6,5100,125.6
20110708,0,12.8,12.8,12.5,12.8,1800,127.59
20110707,0,12.9,13,12.8,13,1200,129.59
20110706,0,12.8,13,12.8,13,300,129.59
20110705,0,13,13,12.8,12.9,1200,128.59
20110704,0,12.7,12.9,12.7,12.9,2200,128.59
20110701,0,12.9,13,12.8,13,6600,129.59
20110630,0,12.8,12.9,12.7,12.9,2200,128.59
20110629,0,12.6,13,12.4,13,2100,129.59
20110628,0,13,13,12.4,12.6,3700,125.6
20110627,0,12.5,12.7,12.5,12.7,3700,126.6
20110624,0,12.7,12.7,12.5,12.7,700,126.6
20110623,0,12.7,12.7,12.6,12.7,1700,126.6
20110622,0,12.7,12.8,12.5,12.7,1300,126.6
20110621,0,12.8,12.8,12.3,12.7,1100,126.6
20110620,0,12.3,12.8,12.2,12.8,2500,127.59
20110617,0,12.4,12.5,12.2,12.5,1800,124.6
20110616,0,12.5,12.5,12.1,12.4,18400,123.6
20110615,0,12.8,12.9,12.4,12.5,2600,124.6
20110614,0,12.7,12.8,12.6,12.8,18800,127.59
20110613,0,12.7,12.9,12.5,12.7,4900,126.6
20110610,0,13,13,12.7,12.9,800,128.59
20110609,0,13,13,12.7,13,300,129.59
20110608,0,13,13,12.7,13,1300,129.59
20110607,0,13.2,13.2,12.8,13,1100,129.59
20110606,0,13,13.4,12.9,13,1500,129.59
20110603,0,13.2,13.2,13,13.2,200,131.58
20110602,0,13.4,13.5,13.1,13.1,1800,130.58
20110601,0,13.2,13.4,13.1,13.3,2000,132.58
20110531,0,13.5,13.5,13.1,13.4,5200,133.57
20110530,0,12.7,13.4,12.7,13.4,10100,133.57
20110527,0,12.7,12.7,12.4,12.7,4600,126.6
20110526,0,12.6,12.7,12.4,12.6,1300,125.6
20110525,0,12.8,12.8,12.3,12.7,4100,126.6
20110524,0,12.7,13,12.7,13,2900,129.59
20110523,0,13.4,13.4,12.8,13.2,5900,131.58
20110520,0,13.5,13.5,13,13.4,2600,133.57
20110519,0,13.5,13.5,13.4,13.5,300,134.57
20110518,0,13.4,13.5,13.4,13.5,600,134.57
20110517,0,13.5,13.5,13.1,13.4,1800,133.57
20110516,0,13.7,13.8,13.3,13.5,3100,134.57
20110513,0,13.7,13.8,13.5,13.7,2400,136.56
20110512,0,13.5,13.8,13.3,13.3,2700,132.58
20110511,0,13.7,13.7,13.6,13.6,800,135.57
20110510,0,13.7,13.8,13.6,13.7,5500,136.56
20110509,0,13.6,13.8,13.5,13.7,9700,136.56
20110506,0,13.4,13.5,13.1,13.5,1700,134.57
20110505,0,13.6,13.7,13,13.5,5500,134.57
20110504,0,13.6,13.7,13.5,13.6,1700,135.57
20110503,0,13.7,13.8,13.5,13.6,5800,135.57
20110502,0,13.7,14,13.7,13.9,4600,138.56
20110429,0,13.6,13.9,13.6,13.7,2500,136.56
20110428,0,13.8,13.8,13.6,13.6,3500,135.57
20110427,0,13.8,13.8,13.6,13.8,3400,137.56
20110426,0,14,14,13.6,13.8,3500,137.56
20110421,0,13.9,13.9,13.7,13.7,1800,136.56
20110420,0,14,14.2,13.6,14,8500,139.55
20110419,0,13.5,13.8,13.5,13.8,1200,137.56
20110418,0,13.7,13.7,13.5,13.5,7100,134.57
20110415,0,13.6,13.7,13.5,13.5,5400,134.57
20110414,0,13.7,13.8,13.6,13.7,2000,136.56
20110413,0,13.5,13.9,13.5,13.6,2700,135.57
20110412,0,13.6,13.8,13.5,13.5,6200,134.57
20110411,0,14,14,13.6,13.7,7100,136.56
20110408,0,14,14,13.5,13.6,8200,135.57
20110407,0,13.9,14,13.7,13.7,7200,136.56
20110406,0,13.8,14.1,13.6,13.9,32400,138.56
20110405,0,13.1,14,12.8,13.5,36100,134.57
20110404,0,12.3,13.8,12,13.4,51700,133.57
20110401,0,12,12.3,12,12,5600,119.62
20110331,0,12.7,12.7,12,12,17400,119.62
20110330,0,12.8,12.8,12.3,12.8,10000,127.59
20110329,0,13.1,13.1,12.3,12.6,12900,125.6
20110328,0,12.3,13.4,12.1,13.1,23000,130.58
20110325,0,12.9,13,12.6,12.6,3900,125.6
20110324,0,12.5,12.9,12.3,12.8,7600,127.59
20110323,0,12.6,12.7,12.3,12.4,3300,123.6
20110322,0,12.3,12.5,12.3,12.3,4200,122.61
20110321,0,12.8,12.8,12.3,12.5,7100,124.6
20110318,0,11.9,12.7,11.9,12.7,19200,126.6
20110317,0,11.1,11.7,11.1,11.7,5600,116.63
20110316,0,11.1,11.8,11,11,9500,109.65
20110315,0,11.4,11.4,10.5,11.2,16200,111.64
20110314,0,12,12,11.2,11.5,13000,114.63
20110311,0,12,12.1,11.9,12,4100,119.62
20110310,0,12,12.3,11.9,12,3800,119.62
20110309,0,12.4,12.4,11.9,12,7500,119.62
20110308,0,12.2,12.3,12,12.3,4000,122.61
20110307,0,12.2,12.3,12,12,8400,119.62
20110304,0,12.3,12.3,11.9,12.2,3800,121.61
20110303,0,12,12.3,11.8,12.1,31300,120.61
20110302,0,12.7,12.9,11.7,11.8,33500,117.62
20110301,0,12.5,13.3,12.4,12.6,10900,125.6
20110228,0,12.5,12.6,12.3,12.4,5900,123.6
20110225,0,12.2,12.5,12,12.4,7300,123.6
20110224,0,12,12.4,12,12.2,2100,121.61
20110223,0,12.2,12.4,12,12.4,6800,123.6
20110222,0,12.4,12.4,12,12.3,6600,122.61
20110221,0,13,13.1,12.4,12.4,10000,123.6
20110218,0,11.9,13.9,11.8,12.9,82500,128.59
20110217,0,12,12,11.7,11.9,6100,118.62
20110216,0,12.3,12.4,11.6,12,15500,119.62
20110215,0,11.9,12.4,11.7,12.2,39100,121.61
20110214,0,11,12,11,11.5,47200,114.63
20110211,0,10.7,11.1,10.5,11,8800,109.65
20110210,0,11,11,10.9,10.9,9100,108.65
20110209,0,10.9,11,10.9,10.9,1000,108.65
20110208,0,10.9,11,10.9,10.9,1800,108.65
20110207,0,10.8,11.1,10.8,10.9,6800,108.65
20110204,0,10.9,11,10.8,10.8,2800,107.66
20110203,0,11,11,10.8,10.8,1300,107.66
20110202,0,11.1,11.1,11,11,2200,109.65
20110201,0,10.6,11.1,10.6,11.1,4300,110.65
20110131,0,10.6,10.8,10.6,10.6,1300,105.66
20110128,0,10.6,10.8,10.5,10.8,1800,107.66
20110127,0,10.7,10.8,10.6,10.6,4300,105.66
20110126,0,11,11,10.8,10.8,400,107.66
20110125,0,10.9,11,10.9,10.9,900,108.65
20110124,0,11.1,11.1,10.9,11,2000,109.65
20110121,0,11.1,11.2,11,11.1,2500,110.65
20110120,0,11.1,11.1,11,11.1,1300,110.65
20110119,0,11.1,11.2,11.1,11.1,2200,110.65
20110118,0,11.2,11.3,11.1,11.2,7400,111.64
20110117,0,11.1,11.2,11.1,11.2,5000,111.64
20110114,0,11.2,11.2,11,11,1900,109.65
20110113,0,10.7,11.2,10.7,11,6700,109.65
20110112,0,10.7,11,10.7,10.7,600,106.66
20110111,0,10.7,11.1,10.7,10.7,1700,106.66
20110110,0,10.9,11,10.7,10.7,900,106.66
20110107,0,10.7,11,10.7,10.8,3300,107.66
20110106,0,10.7,10.9,10.7,10.7,500,106.66
20110105,0,10.7,10.9,10.7,10.7,300,106.66
20110104,0,10.4,11.1,10.4,10.8,7600,107.66
20110103,0,10.3,10.7,10.3,10.6,1400,105.66
20101231,0,10.2,10.7,10.1,10.5,4800,104.67
20101230,0,10.1,10.3,10.1,10.3,1400,102.67
20101229,0,10,10.3,10,10.1,1700,100.68
20101228,0,10.1,10.1,10,10,1700,99.68
20101227,0,10,10.1,10,10.1,3000,100.68
20101224,0,10,10,10,10,1500,99.68
20101223,0,10.1,10.1,9.7,10,12100,99.68
20101222,0,10.1,10.2,10.1,10.1,3200,100.68
20101221,0,10.2,10.2,10.1,10.1,2100,100.68
20101220,0,10.2,10.3,10.2,10.2,2800,101.68
20101217,0,10.2,10.4,10.2,10.3,2700,102.67
20101216,0,10.3,10.3,10.2,10.2,1800,101.68
20101215,0,10.3,10.4,10.2,10.2,2900,101.68
20101214,0,10.4,10.4,10.3,10.3,700,102.67
20101213,0,10.2,10.4,10.2,10.3,2300,102.67
20101210,0,10.3,10.3,10.2,10.2,3600,101.68
20101209,0,10.3,10.5,10.3,10.3,1000,102.67
20101208,0,10.4,10.5,10.3,10.3,1900,102.67
20101207,0,10.2,10.5,10.2,10.3,3500,102.67
20101206,0,10.5,10.5,10.2,10.2,1900,101.68
20101203,0,10.3,10.4,10.2,10.2,800,101.68
20101202,0,10.2,10.5,10.2,10.3,3400,102.67
20101201,0,10.1,10.3,10,10.2,2700,101.68
20101130,0,10.2,10.2,9.9,10.1,5100,100.68
20101129,0,10.7,10.7,10,10.2,11600,101.68
20101126,0,10.5,10.7,10.5,10.5,2000,104.67
20101125,0,10.7,10.8,10.4,10.5,2500,104.67
20101124,0,10.4,10.7,10.4,10.5,2300,104.67
20101123,0,10.6,10.8,10.3,10.5,7800,104.67
20101122,0,10.6,10.6,9.8,10.3,7400,102.67
20101119,0,10.6,10.9,10.5,10.6,800,105.66
20101118,0,10.6,10.8,10.5,10.7,3500,106.66
20101117,0,10.7,10.8,10.5,10.6,4600,105.66
20101116,0,10.8,10.8,10.7,10.7,500,106.66
20101115,0,10.7,11.1,10.7,10.8,2400,107.66
20101112,0,11,11,10.4,10.7,8900,106.66
20101111,0,11.1,11.3,11,11,1800,109.65
20101110,0,11.5,11.5,10.9,11.1,5000,110.65
20101109,0,11.1,11.4,11,11.4,5100,113.64
20101108,0,11.4,11.4,11.1,11.3,3200,112.64
20101105,0,11.4,11.6,11.3,11.4,3000,113.64
20101104,0,11.3,11.7,11.1,11.2,8300,111.64
20101103,0,11.2,11.3,11,11.1,4000,110.65
20101102,0,11.5,11.6,11.2,11.2,3400,111.64
20101101,0,11.3,11.5,11.2,11.5,3600,114.63
20101029,0,10.7,11.3,10.7,11.3,5900,112.64
20101028,0,10.8,11,10.7,10.9,4600,108.65
20101027,0,10.8,10.9,10.8,10.8,2200,107.66
20101026,0,10.9,11,10.7,11,2000,109.65
20101025,0,10.8,10.8,10.7,10.8,300,107.66
20101022,0,10.7,10.9,10.7,10.9,800,108.65
20101021,0,10.7,10.9,10.7,10.9,6300,108.65
20101020,0,10.9,10.9,10.5,10.8,2200,107.66
20101019,0,10.5,10.8,10.5,10.8,2300,107.66
20101018,0,11,11,10.6,10.6,5800,105.66
20101015,0,10.7,11,10.7,11,1500,109.65
20101014,0,10.9,11,10.8,11,3000,109.65
20101013,0,11,11,10.7,10.9,2700,108.65
20101012,0,11,11,10.7,10.9,2600,108.65
20101011,0,10.9,11,10.7,11,6800,109.65
20101008,0,10.8,10.8,10.6,10.8,1900,107.66
20101007,0,10.1,11,10.1,10.8,21200,107.66
20101006,0,10.2,10.2,9.9,10.1,4200,100.68
20101005,0,10,10.2,10,10.2,2200,101.68
20101004,0,10.1,10.2,10,10.2,1000,101.68
20101001,0,10.1,10.3,10.1,10.2,1100,101.68
20100930,0,10.2,10.3,10.1,10.3,1700,102.67
20100929,0,10.2,10.3,10.2,10.3,2700,102.67
20100928,0,10.7,10.7,10.1,10.5,3100,104.67
20100927,0,10.5,10.9,10.5,10.5,7500,104.67
20100924,0,10.2,10.4,10.1,10.4,6400,103.67
20100923,0,10.3,10.3,10,10.1,3100,100.68
20100922,0,10.4,10.4,10.1,10.2,1600,101.68
20100921,0,10.3,10.4,10,10.4,4700,103.67
20100920,0,10.2,10.4,10.1,10.4,4500,103.67
20100917,0,10.4,10.4,10.2,10.2,2000,101.68
20100916,0,10.4,10.4,10.3,10.4,1100,103.67
20100915,0,10.3,10.4,10.3,10.3,1200,102.67
20100914,0,10.3,10.4,10.2,10.4,400,103.67
20100913,0,10.4,10.4,10.3,10.4,1000,103.67
20100910,0,10.3,10.4,10.3,10.4,600,103.67
20100909,0,10.3,10.5,10.3,10.4,1000,103.67
20100908,0,10.6,10.6,10.3,10.5,1600,104.67
20100907,0,10.7,10.7,10.4,10.4,1600,103.67
20100906,0,10.2,11.2,10.2,10.7,13400,106.66
20100903,0,10.3,10.3,10.1,10.3,500,102.67
20100902,0,10.1,10.3,10.1,10.3,1400,102.67
20100901,0,10.3,10.4,10.1,10.4,300,103.67
20100831,0,10.1,10.3,10,10.3,3500,102.67
20100830,0,10.3,10.6,10.1,10.3,500,102.67
20100827,0,10.2,10.2,10.1,10.2,3000,101.68
20100826,0,10.3,10.3,10.2,10.3,200,102.67
20100825,0,10.2,10.5,10.2,10.3,600,102.67
20100824,0,10.4,10.4,10.2,10.3,700,102.67
20100823,0,10.3,10.5,10.3,10.3,700,102.67
20100820,0,10.4,10.5,10.3,10.4,700,103.67
20100819,0,10.6,10.6,10.4,10.5,1500,104.67
20100818,0,10.3,10.7,10.3,10.7,1700,106.66
20100817,0,10.7,10.7,10.5,10.7,900,106.66
20100816,0,10.8,10.8,10.6,10.6,1500,105.66
20100813,0,11,11.2,10.6,10.8,12600,107.66
20100812,0,10.1,10.5,10,10.5,3400,104.67
20100811,0,10.4,10.5,10,10.3,3300,102.67
20100810,0,10.6,10.6,10.3,10.6,1700,105.66
20100809,0,10.2,10.7,10.2,10.7,1300,106.66
20100806,0,10.5,10.5,10.4,10.5,200,104.67
20100805,0,10.5,10.5,10.3,10.5,300,104.67
20100804,0,10.3,10.5,10.3,10.5,500,104.67
20100803,0,10.1,10.7,10,10.5,2200,104.67
20100802,0,9.9,10.1,9.7,10,3300,99.68
20100730,0,10,10,9.8,9.9,1200,98.68
20100729,0,9.8,10,9.8,10,1400,99.68
20100728,0,10,10,9.9,10,0,99.68
20100727,0,10,10.1,9.9,10.1,500,100.68
20100726,0,10,10,9.8,10,700,99.68
20100723,0,9.8,9.9,9.7,9.9,1700,98.68
20100722,0,9.9,9.9,9.7,9.8,2500,97.69
20100721,0,9.8,10.1,9.8,9.9,1500,98.68
20100720,0,9.9,10,9.9,9.9,600,98.68
20100719,0,9.9,10,9.8,10,100,99.68
20100716,0,10.1,10.1,9.8,10,1600,99.68
20100715,0,10.2,10.3,10.1,10.1,200,100.68
20100714,0,10.2,10.3,10.1,10.2,400,101.68
20100713,0,10.1,10.4,10,10.2,2100,101.68
20100712,0,10.3,10.3,10.1,10.3,0,102.67
20100709,0,10.2,10.3,10.2,10.3,800,102.67
20100708,0,10.4,10.4,10,10.4,1500,103.67
20100707,0,9.9,10.4,9.9,10.4,1800,103.67
20100706,0,9.9,10.2,9.8,10.1,1400,100.68
20100705,0,10.2,10.2,9.9,9.9,1100,98.68
20100702,0,10.3,10.3,10.2,10.2,900,101.68
20100701,0,10.1,10.4,9.9,10.2,1800,101.68
20100630,0,10,10.4,9.9,10.4,1700,103.67
20100629,0,10.3,10.5,10,10.2,3300,101.68
20100628,0,10.6,10.6,10.3,10.5,1100,104.67
20100625,0,10.3,10.7,10.2,10.5,1200,104.67
20100624,0,10.7,10.7,10.3,10.5,1500,104.67
20100623,0,10.7,10.7,10.5,10.5,300,104.67
20100622,0,10.8,10.8,10.5,10.6,100,105.66
20100621,0,10.5,10.8,10.5,10.8,2400,107.66
20100618,0,10.7,10.7,10.6,10.6,200,105.66
20100617,0,10.5,10.7,10.5,10.7,1000,106.66
20100616,0,10.8,10.8,10.5,10.8,1900,107.66
20100615,0,10.7,10.7,10.2,10.6,2400,105.66
20100614,0,10.6,10.7,10.3,10.7,1900,106.66
20100611,0,10.7,10.7,10.6,10.6,600,105.66
20100610,0,10.5,10.7,10.3,10.7,600,106.66
20100609,0,10.4,10.5,10.2,10.5,600,104.67
20100608,0,10.5,10.5,10.2,10.3,1500,102.67
20100607,0,10.6,10.6,10.3,10.5,1000,104.67
20100604,0,10.7,10.7,10.3,10.7,1700,106.66
20100603,0,10.6,10.7,10.5,10.7,700,106.66
20100602,0,10.5,10.5,10.4,10.4,600,103.67
20100601,0,10.5,10.5,10,10.5,600,104.67
20100531,0,10.3,10.5,10.2,10.5,2000,104.67
20100528,0,10.4,10.6,10.3,10.5,400,104.67
20100527,0,10.5,10.5,10.5,10.5,0,104.67
20100526,0,10.5,10.7,10.3,10.5,1700,104.67
20100525,0,10.6,10.6,9.5,10.5,10800,104.67
20100524,0,10.5,10.7,10.5,10.7,900,106.66
20100521,0,10.3,10.7,9.9,10.4,10400,103.67
20100520,0,11,11,10.4,10.7,9500,106.66
20100519,0,11.2,11.2,10.7,10.9,5300,108.65
20100518,0,11.4,11.4,10.9,11.2,4100,111.64
20100517,0,11,11.4,10.9,11.4,3100,113.64
20100514,0,11.5,11.5,11,11.4,4200,113.64
20100513,0,11.6,11.6,11.5,11.5,800,114.63
20100512,0,11.7,11.8,11.4,11.7,2900,116.63
20100511,0,11.4,11.8,11.4,11.8,5800,117.62
20100510,0,11.6,11.6,11.1,11.5,5700,114.63
20100507,0,11.2,11.4,10,11,15300,109.65
20100506,0,11.2,11.6,11.2,11.6,3300,115.63
